loc,vg,evg,ivg,n,v,l,d,i,e,b,t,lOCode,lOComment,lOBlank,lOCodeAndComment,uniq_Op,uniq_Opnd,total_Op,total_Opnd,branchCount,defects
1.1,1.4,1.4,1.4,1.3,1.3,1.3,1.3,1.3,1.3,1.3,1.3,2.0,2.0,2.0,2.0,1.2,1.2,1.2,1.2,1.4,0
1.0,1.0,1.0,1.0,1.0,1.0,1.0,1.0,1.0,1.0,1.0,1.0,1.0,1.0,1.0,1.0,1.0,1.0,1.0,1.0,1.0,1
91.0,9.0,3.0,2.0,318.0,2089.21,0.04,27.68,75.47,57833.24,0.7,3212.96,80.0,44.0,11.0,31.0,29.0,66.0,192.0,126.0,17.0,1
109.0,21.0,5.0,18.0,381.0,2547.56,0.04,28.37,89.79,72282.68,0.85,4015.7,97.0,41.0,12.0,24.0,28.0,75.0,229.0,152.0,38.0,1
505.0,106.0,41.0,82.0,2339.0,20696.93,0.01,75.93,272.58,1571506.88,6.9,87305.94,457.0,71.0,48.0,49.0,64.0,397.0,1397.0,942.0,178.0,1
107.0,25.0,7.0,14.0,619.0,4282.78,0.02,52.91,80.95,226588.75,1.43,12588.26,103.0,32.0,4.0,39.0,35.0,86.0,359.0,260.0,40.0,1
74.0,11.0,1.0,8.0,294.0,1917.93,0.03,28.77,66.66,55178.46,0.64,3065.47,60.0,71.0,14.0,49.0,29.0,63.0,169.0,125.0,21.0,1
602.0,136.0,123.0,123.0,2785.0,25942.69,0.01,105.26,246.47,2730637.23,8.65,151702.06,600.0,40.0,2.0,225.0,99.0,538.0,1641.0,1144.0,236.0,1
29.0,2.0,1.0,2.0,140.0,718.1,0.1,9.93,72.35,7127.8,0.24,395.99,28.0,3.0,1.0,8.0,8.0,27.0,73.0,67.0,3.0,1
36.0,3.0,1.0,1.0,254.0,1447.91,0.04,23.72,61.05,34338.99,0.48,1907.72,34.0,2.0,2.0,10.0,15.0,37.0,137.0,117.0,5.0,1
70.0,11.0,1.0,6.0,434.0,3047.71,0.04,26.63,114.46,81152.69,1.02,4508.48,57.0,14.0,13.0,18.0,28.0,102.0,240.0,194.0,21.0,1
109.0,20.0,12.0,4.0,223.0,1322.55,0.04,23.91,55.32,31619.49,0.44,1756.64,89.0,32.0,20.0,17.0,23.0,38.0,144.0,79.0,39.0,1
37.0,3.0,1.0,3.0,187.0,1095.44,0.04,24.97,43.87,27356.45,0.37,1519.8,35.0,15.0,2.0,24.0,21.0,37.0,99.0,88.0,5.0,1
90.0,29.0,8.0,9.0,488.0,3387.95,0.05,20.69,163.74,70100.61,1.13,3894.48,66.0,38.0,24.0,17.0,21.0,102.0,287.0,201.0,57.0,1
19.0,2.0,1.0,2.0,71.0,351.75,0.08,12.66,27.79,4451.81,0.12,247.32,18.0,25.0,1.0,9.0,15.0,16.0,44.0,27.0,3.0,1
152.0,21.0,4.0,5.0,430.0,2850.62,0.03,33.3,85.6,94929.66,0.95,5273.87,150.0,62.0,2.0,39.0,26.0,73.0,243.0,187.0,41.0,1
22.0,5.0,5.0,4.0,100.0,539.23,0.07,13.94,38.68,7516.89,0.18,417.61,22.0,0.0,0.0,12.0,17.0,25.0,59.0,41.0,9.0,1
69.0,12.0,1.0,1.0,536.0,3745.93,0.04,23.38,160.24,87570.07,1.25,4865.0,68.0,15.0,1.0,17.0,21.0,106.0,300.0,236.0,23.0,1
49.0,9.0,1.0,8.0,191.0,1166.73,0.05,21.31,54.76,24859.27,0.39,1381.07,46.0,1.0,3.0,10.0,25.0,44.0,116.0,75.0,12.0,1
48.0,3.0,1.0,2.0,248.0,1470.82,0.03,33.59,43.78,49408.04,0.49,2744.89,37.0,27.0,11.0,23.0,23.0,38.0,137.0,111.0,5.0,1
128.0,19.0,1.0,3.0,494.0,3310.02,0.02,50.76,65.2,168007.02,1.1,9333.72,107.0,62.0,21.0,34.0,34.0,70.0,285.0,209.0,37.0,1
32.0,6.0,1.0,5.0,186.0,1116.0,0.03,30.72,36.33,34286.0,0.37,1904.78,30.0,6.0,2.0,11.0,28.0,36.0,107.0,79.0,11.0,1
38.0,6.0,6.0,6.0,244.0,1447.1,0.05,21.71,66.64,31422.74,0.48,1745.71,38.0,6.0,0.0,20.0,19.0,42.0,148.0,96.0,11.0,1
34.0,6.0,6.0,6.0,176.0,1026.58,0.06,17.0,60.39,17452.01,0.34,969.56,34.0,5.0,0.0,19.0,19.0,38.0,108.0,68.0,11.0,1
16.0,3.0,1.0,3.0,60.0,300.0,0.11,9.33,32.14,2800.0,0.1,155.56,16.0,0.0,0.0,8.0,14.0,18.0,36.0,24.0,5.0,1
15.0,4.0,3.0,2.0,86.0,457.69,0.07,14.73,31.08,6740.46,0.15,374.47,14.0,6.0,1.0,8.0,18.0,22.0,50.0,36.0,7.0,1
14.0,3.0,1.0,3.0,47.0,215.49,0.16,6.43,33.52,1385.31,0.07,76.96,14.0,0.0,0.0,7.0,10.0,14.0,29.0,18.0,5.0,1
22.0,5.0,5.0,4.0,100.0,535.76,0.07,14.52,36.9,7779.61,0.18,432.2,22.0,0.0,0.0,13.0,17.0,24.0,59.0,41.0,9.0,1
22.0,3.0,1.0,3.0,74.0,370.0,0.12,8.11,45.57,3004.05,0.12,166.89,22.0,0.0,0.0,15.0,11.0,21.0,43.0,31.0,5.0,1
12.0,2.0,1.0,2.0,41.0,187.98,0.16,6.07,30.96,1141.33,0.06,63.41,12.0,0.0,0.0,8.0,10.0,14.0,24.0,17.0,3.0,1
25.0,8.0,1.0,4.0,110.0,611.0,0.08,12.13,50.38,7410.9,0.2,411.72,20.0,9.0,5.0,3.0,16.0,31.0,63.0,47.0,15.0,1
23.0,4.0,1.0,4.0,101.0,544.62,0.08,12.22,44.56,6656.52,0.18,369.81,23.0,0.0,0.0,12.0,15.0,27.0,57.0,44.0,7.0,1
8.0,1.0,1.0,1.0,49.0,238.04,0.14,7.03,33.87,1672.9,0.08,92.94,8.0,4.0,0.0,6.0,11.0,18.0,26.0,23.0,1.0,1
47.0,7.0,1.0,6.0,149.0,890.61,0.08,13.2,67.47,11756.11,0.3,653.12,40.0,4.0,7.0,9.0,18.0,45.0,83.0,66.0,13.0,1
19.0,3.0,3.0,2.0,77.0,391.73,0.08,12.25,31.98,4798.75,0.13,266.6,15.0,14.0,4.0,28.0,14.0,20.0,42.0,35.0,5.0,1
64.0,8.0,1.0,8.0,198.0,1174.29,0.04,22.28,52.7,26165.5,0.39,1453.64,48.0,73.0,16.0,32.0,22.0,39.0,119.0,79.0,12.0,1
110.0,25.0,21.0,9.0,663.0,4404.88,0.02,45.1,97.66,198677.1,1.47,11037.62,97.0,23.0,13.0,37.0,23.0,77.0,361.0,302.0,49.0,1
58.0,6.0,1.0,3.0,314.0,1961.85,0.05,20.0,98.09,39236.98,0.65,2179.83,58.0,17.0,0.0,18.0,16.0,60.0,164.0,150.0,11.0,1
167.0,26.0,1.0,23.0,671.0,4888.5,0.04,22.35,218.7,109272.46,1.63,6070.69,166.0,49.0,1.0,39.0,20.0,136.0,367.0,304.0,51.0,1
60.0,12.0,4.0,7.0,183.0,1080.96,0.04,26.43,40.9,28568.25,0.36,1587.13,58.0,0.0,2.0,13.0,25.0,35.0,109.0,74.0,16.0,1
14.0,3.0,1.0,1.0,46.0,218.72,0.08,12.5,17.5,2734.06,0.07,151.89,13.0,3.0,1.0,2.0,15.0,12.0,26.0,20.0,5.0,1
15.0,1.0,1.0,1.0,53.0,232.79,0.26,3.91,59.59,909.35,0.08,50.52,13.0,7.0,2.0,8.0,5.0,16.0,28.0,25.0,1.0,1
120.0,7.0,3.0,4.0,1002.0,7090.97,0.02,59.93,118.33,424927.99,2.36,23607.11,120.0,42.0,0.0,36.0,28.0,107.0,544.0,458.0,13.0,1
28.0,6.0,1.0,5.0,86.0,477.69,0.07,13.73,34.79,6559.11,0.16,364.4,28.0,0.0,0.0,7.0,21.0,26.0,52.0,34.0,8.0,1
64.0,12.0,8.0,7.0,368.0,2358.66,0.03,36.58,64.48,86270.84,0.79,4792.82,54.0,18.0,10.0,80.0,26.0,59.0,202.0,166.0,23.0,1
61.0,7.0,1.0,4.0,304.0,1893.56,0.05,19.66,96.31,37229.33,0.63,2068.3,49.0,0.0,12.0,11.0,16.0,59.0,159.0,145.0,13.0,1
3.0,1.0,1.0,1.0,10.0,33.22,0.33,3.0,11.07,99.66,0.01,5.54,3.0,0.0,0.0,1.0,6.0,4.0,6.0,4.0,1.0,1
141.0,24.0,9.0,18.0,657.0,4553.49,0.02,51.91,87.72,236376.96,1.52,13132.05,141.0,50.0,0.0,56.0,32.0,90.0,365.0,292.0,36.0,1
6.0,1.0,1.0,1.0,30.0,139.32,0.15,6.5,21.43,905.55,0.05,50.31,6.0,1.0,0.0,7.0,13.0,12.0,18.0,12.0,1.0,1
93.0,17.0,4.0,12.0,409.0,2680.83,0.03,38.18,70.21,102358.84,0.89,5686.6,93.0,27.0,0.0,31.0,28.0,66.0,229.0,180.0,24.0,1
6.0,1.0,1.0,1.0,30.0,139.32,0.15,6.5,21.43,905.55,0.05,50.31,6.0,1.0,0.0,7.0,13.0,12.0,18.0,12.0,1.0,1
31.0,7.0,4.0,4.0,108.0,603.18,0.07,14.1,42.78,8504.78,0.2,472.49,28.0,1.0,3.0,9.0,18.0,30.0,61.0,47.0,13.0,1
153.0,25.0,6.0,13.0,841.0,5942.58,0.02,61.92,95.98,367939.9,1.98,20441.11,153.0,55.0,0.0,55.0,33.0,101.0,462.0,379.0,40.0,1
63.0,17.0,9.0,7.0,429.0,2843.99,0.03,32.0,88.87,91007.81,0.95,5055.99,57.0,6.0,6.0,5.0,24.0,75.0,229.0,200.0,33.0,1
106.0,29.0,20.0,5.0,539.0,3676.08,0.03,39.86,92.23,146524.08,1.23,8140.23,106.0,39.0,0.0,32.0,28.0,85.0,297.0,242.0,57.0,1
23.0,5.0,4.0,3.0,113.0,650.3,0.05,20.26,32.1,13174.23,0.22,731.9,21.0,8.0,2.0,9.0,25.0,29.0,66.0,47.0,9.0,1
29.0,5.0,5.0,5.0,164.0,920.81,0.05,20.61,44.67,18980.62,0.31,1054.48,29.0,9.0,0.0,7.0,18.0,31.0,93.0,71.0,9.0,1
84.0,9.0,1.0,3.0,876.0,6498.04,0.02,46.39,140.08,301439.38,2.17,16746.63,84.0,20.0,0.0,27.0,31.0,140.0,457.0,419.0,17.0,1
17.0,1.0,1.0,1.0,102.0,550.02,0.07,13.54,40.63,7446.38,0.18,413.69,16.0,9.0,1.0,12.0,16.0,26.0,58.0,44.0,1.0,1
6.0,1.0,1.0,1.0,11.0,34.87,0.5,2.0,17.43,69.74,0.01,3.87,6.0,0.0,0.0,0.0,4.0,5.0,6.0,5.0,1.0,1
15.0,4.0,3.0,2.0,86.0,457.69,0.07,14.73,31.08,6740.46,0.15,374.47,14.0,5.0,1.0,7.0,18.0,22.0,50.0,36.0,7.0,1
29.0,5.0,5.0,5.0,146.0,815.4,0.05,18.6,43.84,15166.52,0.27,842.58,29.0,7.0,0.0,5.0,18.0,30.0,84.0,62.0,9.0,1
5.0,1.0,1.0,1.0,11.0,34.87,0.5,2.0,17.43,69.74,0.01,3.87,5.0,0.0,0.0,0.0,4.0,5.0,6.0,5.0,1.0,1
15.0,3.0,1.0,3.0,53.0,249.12,0.13,7.7,32.35,1918.25,0.08,106.57,15.0,0.0,0.0,9.0,11.0,15.0,32.0,21.0,5.0,1
5.0,1.0,1.0,1.0,11.0,34.87,0.5,2.0,17.43,69.74,0.01,3.87,5.0,0.0,0.0,0.0,4.0,5.0,6.0,5.0,1.0,1
6.0,1.0,1.0,1.0,11.0,34.87,0.5,2.0,17.43,69.74,0.01,3.87,6.0,0.0,0.0,0.0,4.0,5.0,6.0,5.0,1.0,1
23.0,4.0,1.0,4.0,101.0,548.05,0.08,11.79,46.5,6459.19,0.18,358.84,23.0,0.0,0.0,12.0,15.0,28.0,57.0,44.0,7.0,1
5.0,1.0,1.0,1.0,11.0,34.87,0.5,2.0,17.43,69.74,0.01,3.87,5.0,0.0,0.0,0.0,4.0,5.0,6.0,5.0,1.0,1
5.0,1.0,1.0,1.0,11.0,34.87,0.5,2.0,17.43,69.74,0.01,3.87,5.0,0.0,0.0,0.0,4.0,5.0,6.0,5.0,1.0,1
43.0,9.0,7.0,7.0,186.0,1084.92,0.07,13.35,81.27,14482.39,0.36,804.58,43.0,1.0,0.0,16.0,14.0,43.0,104.0,82.0,17.0,1
14.0,4.0,1.0,2.0,69.0,353.92,0.09,10.88,32.54,3848.89,0.12,213.83,12.0,7.0,2.0,4.0,15.0,20.0,40.0,29.0,7.0,1
16.0,5.0,1.0,2.0,90.0,482.18,0.08,12.16,39.65,5863.3,0.16,325.74,13.0,4.0,3.0,3.0,16.0,25.0,52.0,38.0,9.0,1
3.0,1.0,1.0,1.0,18.0,68.53,0.22,4.5,15.23,308.4,0.02,17.13,3.0,0.0,0.0,2.0,9.0,5.0,13.0,5.0,1.0,1
24.0,4.0,1.0,1.0,116.0,585.15,0.06,16.0,36.57,9362.4,0.2,520.13,19.0,6.0,5.0,7.0,12.0,21.0,60.0,56.0,7.0,1
17.0,4.0,1.0,1.0,79.0,391.38,0.08,12.28,31.88,4805.3,0.13,266.96,15.0,6.0,2.0,8.0,13.0,18.0,45.0,34.0,7.0,1
6.0,1.0,1.0,1.0,11.0,34.87,0.5,2.0,17.43,69.74,0.01,3.87,6.0,0.0,0.0,0.0,4.0,5.0,6.0,5.0,1.0,1
27.0,7.0,1.0,4.0,94.0,506.88,0.05,21.45,23.63,10872.53,0.17,604.03,27.0,4.0,0.0,20.0,22.0,20.0,55.0,39.0,12.0,1
6.0,1.0,1.0,1.0,11.0,34.87,0.5,2.0,17.43,69.74,0.01,3.87,6.0,0.0,0.0,0.0,4.0,5.0,6.0,5.0,1.0,1
10.0,1.0,1.0,1.0,25.0,97.67,0.27,3.67,26.64,358.13,0.03,19.9,8.0,2.0,2.0,6.0,6.0,9.0,14.0,11.0,1.0,0
29.0,6.0,1.0,3.0,79.0,398.51,0.08,12.92,30.85,5147.38,0.13,285.97,29.0,2.0,0.0,21.0,15.0,18.0,48.0,31.0,8.0,0
8.0,2.0,1.0,1.0,11.0,33.0,0.22,4.5,7.33,148.5,0.01,8.25,6.0,3.0,2.0,2.0,6.0,2.0,8.0,3.0,3.0,0
108.0,22.0,5.0,17.0,464.0,3215.86,0.03,33.04,97.32,106264.81,1.07,5903.6,107.0,35.0,1.0,43.0,31.0,91.0,270.0,194.0,39.0,0
14.0,7.0,1.0,2.0,82.0,430.33,0.07,14.55,29.59,6259.35,0.14,347.74,14.0,0.0,0.0,1.0,16.0,22.0,42.0,40.0,13.0,0
0.0,1.0,1.0,1.0,1.0,0.0,0.0,0.0,0.0,0.0,0.0,0.0,0.0,0.0,0.0,0.0,1.0,0.0,1.0,0.0,1.0,0
13.0,4.0,1.0,3.0,42.0,181.52,0.08,12.75,14.24,2314.39,0.06,128.58,13.0,0.0,0.0,2.0,12.0,8.0,25.0,17.0,7.0,0
0.0,1.0,1.0,1.0,1.0,0.0,0.0,0.0,0.0,0.0,0.0,0.0,0.0,0.0,0.0,0.0,1.0,0.0,1.0,0.0,1.0,0
56.0,1.0,1.0,1.0,327.0,2078.92,0.02,44.27,46.96,92035.5,0.69,5113.08,49.0,1.0,7.0,2.0,34.0,48.0,202.0,125.0,29.0,0
0.0,1.0,1.0,1.0,2.0,2.0,0.0,0.0,0.0,0.0,0.0,0.0,0.0,0.0,0.0,0.0,2.0,0.0,2.0,0.0,1.0,0
0.0,1.0,1.0,1.0,2.0,2.0,0.0,0.0,0.0,0.0,0.0,0.0,0.0,0.0,0.0,0.0,2.0,0.0,2.0,0.0,1.0,0
0.0,1.0,1.0,1.0,2.0,2.0,0.0,0.0,0.0,0.0,0.0,0.0,0.0,0.0,0.0,0.0,2.0,0.0,2.0,0.0,1.0,0
0.0,1.0,1.0,1.0,2.0,2.0,0.0,0.0,0.0,0.0,0.0,0.0,0.0,0.0,0.0,0.0,2.0,0.0,2.0,0.0,1.0,0
0.0,1.0,1.0,1.0,2.0,2.0,0.0,0.0,0.0,0.0,0.0,0.0,0.0,0.0,0.0,0.0,2.0,0.0,2.0,0.0,1.0,0
0.0,1.0,1.0,1.0,2.0,2.0,0.0,0.0,0.0,0.0,0.0,0.0,0.0,0.0,0.0,0.0,2.0,0.0,2.0,0.0,1.0,0
0.0,1.0,1.0,1.0,2.0,2.0,0.0,0.0,0.0,0.0,0.0,0.0,0.0,0.0,0.0,0.0,2.0,0.0,2.0,0.0,1.0,0
0.0,1.0,1.0,1.0,2.0,2.0,0.0,0.0,0.0,0.0,0.0,0.0,0.0,0.0,0.0,0.0,2.0,0.0,2.0,0.0,1.0,0
7.0,1.0,1.0,1.0,31.0,129.27,0.24,4.14,31.25,534.7,0.04,29.71,7.0,9.0,0.0,5.0,7.0,11.0,18.0,13.0,1.0,0
9.0,2.0,1.0,1.0,30.0,120.0,0.24,4.2,28.57,504.0,0.04,28.0,9.0,2.0,0.0,2.0,6.0,10.0,16.0,14.0,3.0,0
10.0,1.0,1.0,1.0,35.0,153.73,0.17,5.91,26.02,908.41,0.05,50.47,10.0,15.0,0.0,11.0,10.0,11.0,22.0,13.0,1.0,0
7.0,1.0,1.0,1.0,31.0,129.27,0.24,4.14,31.25,534.7,0.04,29.71,7.0,9.0,0.0,5.0,7.0,11.0,18.0,13.0,1.0,0
9.0,2.0,1.0,1.0,30.0,120.0,0.24,4.2,28.57,504.0,0.04,28.0,9.0,2.0,0.0,2.0,6.0,10.0,16.0,14.0,3.0,0
14.0,1.0,1.0,1.0,68.0,343.02,0.13,7.43,46.18,2548.14,0.11,141.56,14.0,19.0,0.0,18.0,12.0,21.0,42.0,26.0,1.0,0
11.0,3.0,1.0,1.0,57.0,264.7,0.11,9.33,28.36,2470.53,0.09,137.25,11.0,2.0,0.0,7.0,10.0,15.0,29.0,28.0,5.0,0
19.0,5.0,1.0,5.0,66.0,320.63,0.09,11.67,27.48,3740.65,0.11,207.81,17.0,5.0,2.0,14.0,14.0,15.0,41.0,25.0,9.0,0
0.0,1.0,1.0,1.0,2.0,2.0,0.0,0.0,0.0,0.0,0.0,0.0,0.0,0.0,0.0,0.0,2.0,0.0,2.0,0.0,1.0,0
0.0,1.0,1.0,1.0,2.0,2.0,0.0,0.0,0.0,0.0,0.0,0.0,0.0,0.0,0.0,0.0,2.0,0.0,2.0,0.0,1.0,0
14.0,2.0,1.0,2.0,61.0,293.25,0.13,7.78,37.7,2280.82,0.1,126.71,14.0,8.0,0.0,9.0,10.0,18.0,33.0,28.0,3.0,0
4.0,1.0,1.0,1.0,11.0,34.87,0.4,2.5,13.95,87.17,0.01,4.84,4.0,2.0,0.0,1.0,5.0,4.0,7.0,4.0,1.0,0
4.0,1.0,1.0,1.0,11.0,34.87,0.4,2.5,13.95,87.17,0.01,4.84,4.0,3.0,0.0,3.0,5.0,4.0,7.0,4.0,1.0,0
11.0,1.0,1.0,1.0,38.0,152.0,0.14,7.0,21.71,1064.0,0.05,59.11,10.0,6.0,1.0,5.0,8.0,8.0,24.0,14.0,1.0,0
0.0,1.0,1.0,1.0,2.0,2.0,0.0,0.0,0.0,0.0,0.0,0.0,0.0,0.0,0.0,0.0,2.0,0.0,2.0,0.0,1.0,0
6.0,2.0,1.0,2.0,20.0,76.15,0.15,6.67,11.42,507.65,0.03,28.2,6.0,0.0,0.0,0.0,8.0,6.0,10.0,10.0,3.0,0
0.0,1.0,1.0,1.0,1.0,0.0,0.0,0.0,0.0,0.0,0.0,0.0,0.0,0.0,0.0,0.0,1.0,0.0,1.0,0.0,1.0,0
6.0,1.0,1.0,1.0,15.0,45.0,0.56,1.8,25.0,81.0,0.02,4.5,6.0,0.0,0.0,1.0,3.0,5.0,9.0,6.0,1.0,0
14.0,2.0,1.0,2.0,50.0,232.19,0.11,9.21,25.22,2138.11,0.08,118.78,14.0,0.0,0.0,5.0,13.0,12.0,33.0,17.0,3.0,0
17.0,6.0,1.0,3.0,71.0,316.62,0.05,21.67,14.61,6860.09,0.11,381.12,17.0,0.0,0.0,1.0,13.0,9.0,41.0,30.0,11.0,0
36.0,7.0,5.0,7.0,154.0,882.1,0.06,15.94,55.33,14063.19,0.29,781.29,35.0,9.0,1.0,23.0,18.0,35.0,92.0,62.0,13.0,0
49.0,10.0,7.0,7.0,168.0,1022.69,0.05,21.36,47.89,21841.82,0.34,1213.43,43.0,11.0,6.0,30.0,26.0,42.0,99.0,69.0,18.0,0
0.0,1.0,1.0,1.0,2.0,2.0,0.0,0.0,0.0,0.0,0.0,0.0,0.0,0.0,0.0,0.0,2.0,0.0,2.0,0.0,1.0,0
40.0,9.0,5.0,7.0,165.0,974.64,0.04,23.21,41.98,22625.5,0.32,1256.97,36.0,2.0,4.0,16.0,25.0,35.0,100.0,65.0,15.0,0
7.0,2.0,1.0,1.0,10.0,28.07,0.5,2.0,14.04,56.15,0.01,3.12,7.0,0.0,0.0,5.0,4.0,3.0,7.0,3.0,3.0,0
76.0,14.0,5.0,8.0,227.0,1426.79,0.04,25.15,56.74,35879.48,0.48,1993.3,67.0,17.0,9.0,18.0,27.0,51.0,132.0,95.0,25.0,0
19.0,2.0,1.0,2.0,90.0,478.97,0.08,12.67,37.81,6067.0,0.16,337.06,18.0,3.0,1.0,16.0,16.0,24.0,52.0,38.0,3.0,0
15.0,3.0,1.0,3.0,48.0,228.23,0.16,6.18,36.95,1409.68,0.08,78.32,15.0,15.0,0.0,7.0,10.0,17.0,27.0,21.0,5.0,0
10.0,3.0,1.0,1.0,31.0,142.13,0.09,10.83,13.12,1539.78,0.05,85.54,10.0,0.0,0.0,2.0,15.0,9.0,18.0,13.0,5.0,0
10.0,1.0,1.0,1.0,37.0,167.37,0.14,7.09,23.6,1186.82,0.06,65.93,10.0,19.0,0.0,11.0,12.0,11.0,24.0,13.0,1.0,0
15.0,3.0,1.0,3.0,48.0,228.23,0.16,6.18,36.95,1409.68,0.08,78.32,15.0,15.0,0.0,7.0,10.0,17.0,27.0,21.0,5.0,0
10.0,3.0,1.0,1.0,31.0,142.13,0.09,10.83,13.12,1539.78,0.05,85.54,10.0,0.0,0.0,2.0,15.0,9.0,18.0,13.0,5.0,0
9.0,1.0,1.0,1.0,31.0,131.69,0.16,6.11,21.55,804.75,0.04,44.71,9.0,15.0,0.0,15.0,10.0,9.0,20.0,11.0,1.0,0
0.0,1.0,1.0,1.0,2.0,2.0,0.0,0.0,0.0,0.0,0.0,0.0,0.0,0.0,0.0,0.0,2.0,0.0,2.0,0.0,1.0,0
0.0,1.0,1.0,1.0,2.0,2.0,0.0,0.0,0.0,0.0,0.0,0.0,0.0,0.0,0.0,0.0,2.0,0.0,2.0,0.0,1.0,0
57.0,9.0,1.0,9.0,211.0,1330.1,0.04,22.33,59.57,29696.99,0.44,1649.83,57.0,19.0,0.0,25.0,27.0,52.0,125.0,86.0,13.0,0
36.0,9.0,5.0,5.0,112.0,618.64,0.08,12.0,51.55,7423.67,0.21,412.43,28.0,6.0,8.0,14.0,16.0,30.0,67.0,45.0,17.0,0
0.0,1.0,1.0,1.0,2.0,2.0,0.0,0.0,0.0,0.0,0.0,0.0,0.0,0.0,0.0,0.0,2.0,0.0,2.0,0.0,1.0,0
9.0,1.0,1.0,1.0,24.0,93.77,0.17,6.0,15.63,562.59,0.03,31.26,9.0,0.0,0.0,1.0,9.0,6.0,16.0,8.0,1.0,0
8.0,1.0,1.0,1.0,14.0,42.0,0.3,3.33,12.6,140.0,0.01,7.78,7.0,4.0,1.0,4.0,5.0,3.0,10.0,4.0,1.0,0
14.0,2.0,1.0,2.0,35.0,148.68,0.21,4.73,31.45,702.84,0.05,39.05,14.0,4.0,0.0,7.0,8.0,11.0,22.0,13.0,3.0,0
4.0,1.0,1.0,1.0,15.0,53.77,0.29,3.5,15.36,188.21,0.02,10.46,4.0,0.0,0.0,0.0,6.0,6.0,8.0,7.0,1.0,0
36.0,10.0,1.0,6.0,151.0,856.54,0.07,14.58,58.73,12491.15,0.29,693.95,36.0,0.0,0.0,3.0,15.0,36.0,81.0,70.0,19.0,0
3.0,1.0,1.0,1.0,11.0,34.87,0.5,2.0,17.43,69.74,0.01,3.87,3.0,0.0,0.0,1.0,4.0,5.0,6.0,5.0,1.0,0
10.0,2.0,1.0,2.0,29.0,120.93,0.15,6.5,18.6,786.03,0.04,43.67,10.0,0.0,0.0,0.0,9.0,9.0,16.0,13.0,3.0,0
8.0,2.0,1.0,2.0,41.0,192.72,0.1,9.92,19.43,1911.12,0.06,106.17,8.0,0.0,0.0,0.0,14.0,12.0,24.0,17.0,3.0,0
0.0,1.0,1.0,1.0,2.0,2.0,0.0,0.0,0.0,0.0,0.0,0.0,0.0,0.0,0.0,0.0,2.0,0.0,2.0,0.0,1.0,0
0.0,1.0,1.0,1.0,2.0,2.0,0.0,0.0,0.0,0.0,0.0,0.0,0.0,0.0,0.0,0.0,2.0,0.0,2.0,0.0,1.0,0
0.0,1.0,1.0,1.0,2.0,2.0,0.0,0.0,0.0,0.0,0.0,0.0,0.0,0.0,0.0,0.0,2.0,0.0,2.0,0.0,1.0,0
51.0,14.0,9.0,11.0,245.0,1496.59,0.05,21.88,68.42,32737.87,0.5,1818.77,51.0,10.0,0.0,28.0,21.0,48.0,145.0,100.0,27.0,0
0.0,1.0,1.0,1.0,2.0,2.0,0.0,0.0,0.0,0.0,0.0,0.0,0.0,0.0,0.0,0.0,2.0,0.0,2.0,0.0,1.0,0
0.0,1.0,1.0,1.0,2.0,2.0,0.0,0.0,0.0,0.0,0.0,0.0,0.0,0.0,0.0,0.0,2.0,0.0,2.0,0.0,1.0,0
0.0,1.0,1.0,1.0,2.0,2.0,0.0,0.0,0.0,0.0,0.0,0.0,0.0,0.0,0.0,0.0,2.0,0.0,2.0,0.0,1.0,0
0.0,1.0,1.0,1.0,2.0,2.0,0.0,0.0,0.0,0.0,0.0,0.0,0.0,0.0,0.0,0.0,2.0,0.0,2.0,0.0,1.0,0
0.0,1.0,1.0,1.0,2.0,2.0,0.0,0.0,0.0,0.0,0.0,0.0,0.0,0.0,0.0,0.0,2.0,0.0,2.0,0.0,1.0,0
7.0,1.0,1.0,1.0,28.0,114.45,0.24,4.2,27.25,480.69,0.04,26.7,7.0,9.0,0.0,6.0,7.0,10.0,16.0,12.0,1.0,0
18.0,5.0,1.0,5.0,87.0,387.97,0.05,19.0,20.42,7371.44,0.13,409.52,18.0,5.0,0.0,7.0,11.0,11.0,49.0,38.0,6.0,0
9.0,1.0,1.0,1.0,31.0,131.69,0.16,6.11,21.55,804.75,0.04,44.71,9.0,16.0,0.0,10.0,10.0,9.0,20.0,11.0,1.0,0
7.0,1.0,1.0,1.0,28.0,114.45,0.24,4.2,27.25,480.69,0.04,26.7,7.0,9.0,0.0,6.0,7.0,10.0,16.0,12.0,1.0,0
3.0,1.0,1.0,1.0,12.0,41.51,0.29,3.5,11.86,145.3,0.01,8.07,3.0,0.0,0.0,1.0,7.0,4.0,8.0,4.0,1.0,0
10.0,1.0,1.0,1.0,37.0,167.37,0.14,7.09,23.6,1186.82,0.06,65.93,10.0,19.0,0.0,11.0,12.0,11.0,24.0,13.0,1.0,0
35.0,7.0,5.0,7.0,148.0,843.67,0.06,15.62,54.02,13176.06,0.28,732.0,34.0,5.0,1.0,22.0,18.0,34.0,89.0,59.0,13.0,0
23.0,6.0,5.0,4.0,85.0,446.07,0.1,9.92,44.98,4423.57,0.15,245.75,22.0,5.0,1.0,13.0,14.0,24.0,51.0,34.0,11.0,0
0.0,1.0,1.0,1.0,2.0,2.0,0.0,0.0,0.0,0.0,0.0,0.0,0.0,0.0,0.0,0.0,2.0,0.0,2.0,0.0,1.0,0
0.0,1.0,1.0,1.0,2.0,2.0,0.0,0.0,0.0,0.0,0.0,0.0,0.0,0.0,0.0,0.0,2.0,0.0,2.0,0.0,1.0,0
0.0,1.0,1.0,1.0,2.0,2.0,0.0,0.0,0.0,0.0,0.0,0.0,0.0,0.0,0.0,0.0,2.0,0.0,2.0,0.0,1.0,0
63.0,11.0,5.0,6.0,267.0,1692.74,0.03,33.53,50.49,56756.57,0.56,3153.14,63.0,10.0,0.0,31.0,30.0,51.0,153.0,114.0,16.0,0
22.0,3.0,1.0,2.0,55.0,241.58,0.12,8.64,27.97,2086.35,0.08,115.91,17.0,9.0,5.0,7.0,10.0,11.0,36.0,19.0,5.0,0
0.0,1.0,1.0,1.0,2.0,2.0,0.0,0.0,0.0,0.0,0.0,0.0,0.0,0.0,0.0,0.0,2.0,0.0,2.0,0.0,1.0,0
8.0,3.0,1.0,3.0,48.0,214.05,0.08,12.0,17.84,2568.63,0.07,142.7,8.0,0.0,0.0,0.0,11.0,11.0,24.0,24.0,5.0,0
142.0,73.0,15.0,60.0,1061.0,8015.42,0.02,60.04,133.5,481241.52,2.67,26735.64,139.0,0.0,3.0,8.0,36.0,152.0,554.0,507.0,143.0,0
58.0,72.0,70.0,71.0,483.0,2980.07,0.03,33.23,89.69,99019.72,0.99,5501.1,58.0,0.0,0.0,2.0,17.0,55.0,268.0,215.0,143.0,0
22.0,14.0,9.0,1.0,102.0,500.5,0.03,31.95,15.66,15993.34,0.17,888.52,21.0,4.0,1.0,4.0,19.0,11.0,65.0,37.0,27.0,0
29.0,8.0,6.0,6.0,141.0,765.1,0.04,26.96,28.38,20624.52,0.26,1145.81,29.0,0.0,0.0,1.0,20.0,23.0,79.0,62.0,15.0,0
44.0,6.0,1.0,3.0,202.0,1183.31,0.06,16.4,72.17,19400.82,0.39,1077.82,44.0,15.0,0.0,15.0,15.0,43.0,108.0,94.0,11.0,0
0.0,1.0,1.0,1.0,2.0,2.0,0.0,0.0,0.0,0.0,0.0,0.0,0.0,0.0,0.0,0.0,2.0,0.0,2.0,0.0,1.0,0
5.0,1.0,1.0,1.0,7.0,19.65,0.5,2.0,9.83,39.3,0.01,2.18,5.0,0.0,0.0,1.0,4.0,3.0,4.0,3.0,1.0,0
7.0,1.0,1.0,1.0,28.0,114.45,0.24,4.2,27.25,480.69,0.04,26.7,7.0,9.0,0.0,6.0,7.0,10.0,16.0,12.0,1.0,0
8.0,1.0,1.0,1.0,25.0,97.67,0.18,5.71,17.09,558.13,0.03,31.01,8.0,9.0,0.0,5.0,8.0,7.0,15.0,10.0,1.0,0
16.0,1.0,1.0,1.0,54.0,244.27,0.12,8.08,30.24,1972.97,0.08,109.61,16.0,12.0,0.0,11.0,10.0,13.0,33.0,21.0,1.0,0
7.0,1.0,1.0,1.0,28.0,114.45,0.24,4.2,27.25,480.69,0.04,26.7,7.0,9.0,0.0,6.0,7.0,10.0,16.0,12.0,1.0,0
8.0,1.0,1.0,1.0,25.0,97.67,0.18,5.71,17.09,558.13,0.03,31.01,8.0,9.0,0.0,5.0,8.0,7.0,15.0,10.0,1.0,0
9.0,1.0,1.0,1.0,31.0,131.69,0.16,6.11,21.55,804.75,0.04,44.71,9.0,16.0,0.0,10.0,10.0,9.0,20.0,11.0,1.0,0
0.0,1.0,1.0,1.0,2.0,2.0,0.0,0.0,0.0,0.0,0.0,0.0,0.0,0.0,0.0,0.0,2.0,0.0,2.0,0.0,1.0,0
0.0,1.0,1.0,1.0,2.0,2.0,0.0,0.0,0.0,0.0,0.0,0.0,0.0,0.0,0.0,0.0,2.0,0.0,2.0,0.0,1.0,0
3.0,1.0,1.0,1.0,29.0,118.54,0.16,6.43,18.44,762.02,0.04,42.33,3.0,0.0,0.0,1.0,10.0,7.0,20.0,9.0,1.0,0
3.0,1.0,1.0,1.0,4.0,8.0,0.67,1.5,5.33,12.0,0.0,0.67,3.0,0.0,0.0,0.0,3.0,1.0,3.0,1.0,1.0,0
23.0,3.0,1.0,3.0,100.0,495.42,0.08,13.2,37.53,6539.54,0.17,363.31,23.0,2.0,0.0,7.0,11.0,20.0,52.0,48.0,5.0,0
14.0,2.0,1.0,2.0,63.0,272.28,0.07,15.0,18.15,4084.22,0.09,226.9,14.0,0.0,0.0,2.0,10.0,10.0,33.0,30.0,3.0,0
3.0,1.0,1.0,1.0,5.0,11.61,0.67,1.5,7.74,17.41,0.0,0.97,3.0,0.0,0.0,0.0,3.0,2.0,3.0,2.0,1.0,0
0.0,1.0,1.0,1.0,5.0,11.61,0.5,2.0,5.8,23.22,0.0,1.29,0.0,0.0,0.0,0.0,4.0,1.0,4.0,1.0,1.0,0
27.0,8.0,1.0,8.0,127.0,713.07,0.04,22.41,31.82,15978.01,0.24,887.67,27.0,0.0,0.0,2.0,22.0,27.0,72.0,55.0,15.0,0
18.0,5.0,3.0,3.0,97.0,512.67,0.05,18.86,27.19,9667.76,0.17,537.1,18.0,3.0,0.0,9.0,18.0,21.0,53.0,44.0,9.0,0
53.0,3.0,3.0,2.0,296.0,1907.11,0.06,16.76,113.81,31957.74,0.64,1775.43,51.0,26.0,2.0,48.0,17.0,70.0,158.0,138.0,5.0,0
253.0,33.0,13.0,27.0,1054.0,8002.45,0.01,72.75,109.99,582205.62,2.67,32344.76,218.0,159.0,35.0,17.0,47.0,146.0,602.0,452.0,51.0,0
11.0,2.0,1.0,2.0,40.0,180.94,0.15,6.87,26.32,1243.98,0.06,69.11,11.0,14.0,0.0,7.0,11.0,12.0,25.0,15.0,3.0,0
10.0,1.0,1.0,1.0,39.0,162.63,0.17,5.73,28.4,931.41,0.05,51.74,10.0,9.0,0.0,7.0,7.0,11.0,21.0,18.0,1.0,0
17.0,1.0,1.0,1.0,60.0,285.29,0.1,10.21,27.93,2914.07,0.1,161.89,17.0,18.0,0.0,11.0,13.0,14.0,38.0,22.0,1.0,0
11.0,2.0,1.0,2.0,40.0,180.94,0.15,6.87,26.32,1243.98,0.06,69.11,11.0,14.0,0.0,7.0,11.0,12.0,25.0,15.0,3.0,0
10.0,1.0,1.0,1.0,39.0,162.63,0.17,5.73,28.4,931.41,0.05,51.74,10.0,9.0,0.0,7.0,7.0,11.0,21.0,18.0,1.0,0
15.0,1.0,1.0,1.0,48.0,210.83,0.12,8.18,25.77,1724.98,0.07,95.83,15.0,12.0,0.0,14.0,10.0,11.0,30.0,18.0,1.0,0
19.0,3.0,1.0,3.0,134.0,727.12,0.09,10.84,67.09,7881.04,0.24,437.84,19.0,0.0,0.0,3.0,12.0,31.0,78.0,56.0,5.0,0
28.0,2.0,1.0,2.0,175.0,955.4,0.07,14.63,65.33,13972.73,0.32,776.26,26.0,0.0,2.0,10.0,12.0,32.0,97.0,78.0,3.0,0
4.0,1.0,1.0,1.0,11.0,34.87,0.4,2.5,13.95,87.17,0.01,4.84,4.0,2.0,0.0,1.0,5.0,4.0,7.0,4.0,1.0,0
4.0,1.0,1.0,1.0,12.0,39.86,0.33,3.0,13.29,119.59,0.01,6.64,2.0,3.0,2.0,1.0,6.0,4.0,8.0,4.0,1.0,0
62.0,6.0,1.0,5.0,268.0,1703.82,0.04,25.45,66.95,43359.38,0.57,2408.85,59.0,6.0,3.0,16.0,24.0,58.0,145.0,123.0,11.0,0
3.0,2.0,1.0,2.0,5.0,11.61,0.5,2.0,5.8,23.22,0.0,1.29,3.0,0.0,0.0,1.0,4.0,1.0,4.0,1.0,3.0,0
0.0,1.0,1.0,1.0,5.0,11.61,0.5,2.0,5.8,23.22,0.0,1.29,0.0,0.0,0.0,0.0,4.0,1.0,4.0,1.0,1.0,0
13.0,3.0,1.0,3.0,50.0,219.62,0.09,10.91,20.13,2395.81,0.07,133.1,13.0,1.0,0.0,2.0,10.0,11.0,26.0,24.0,5.0,0
16.0,2.0,1.0,2.0,185.0,1003.86,0.06,16.47,60.96,16530.21,0.33,918.35,16.0,8.0,0.0,10.0,13.0,30.0,109.0,76.0,3.0,0
5.0,1.0,1.0,1.0,12.0,39.86,0.21,4.67,8.54,186.03,0.01,10.33,5.0,0.0,0.0,2.0,7.0,3.0,8.0,4.0,1.0,0
15.0,3.0,1.0,2.0,45.0,200.67,0.1,10.5,19.11,2107.08,0.07,117.06,14.0,0.0,1.0,2.0,11.0,11.0,24.0,21.0,5.0,0
91.0,16.0,7.0,10.0,424.0,2581.08,0.02,58.5,44.12,150993.43,0.86,8388.52,83.0,19.0,8.0,42.0,26.0,42.0,235.0,189.0,24.0,0
26.0,5.0,1.0,5.0,86.0,460.75,0.09,10.67,43.17,4917.61,0.15,273.2,26.0,18.0,0.0,14.0,15.0,26.0,49.0,37.0,9.0,0
11.0,1.0,1.0,1.0,44.0,196.21,0.25,3.94,49.83,772.6,0.07,42.92,10.0,15.0,1.0,11.0,6.0,16.0,23.0,21.0,1.0,0
16.0,1.0,1.0,1.0,54.0,244.27,0.11,9.17,26.65,2239.16,0.08,124.4,16.0,15.0,0.0,12.0,11.0,12.0,34.0,20.0,1.0,0
26.0,5.0,1.0,5.0,86.0,460.75,0.09,10.67,43.17,4917.61,0.15,273.2,26.0,18.0,0.0,14.0,15.0,26.0,49.0,37.0,9.0,0
11.0,1.0,1.0,1.0,44.0,193.26,0.24,4.2,46.01,811.7,0.06,45.09,10.0,15.0,1.0,13.0,6.0,15.0,23.0,21.0,1.0,0
17.0,1.0,1.0,1.0,60.0,285.29,0.1,10.21,27.93,2914.07,0.1,161.89,17.0,18.0,0.0,11.0,13.0,14.0,38.0,22.0,1.0,0
20.0,9.0,9.0,4.0,115.0,616.12,0.05,19.57,31.49,12054.49,0.21,669.69,20.0,5.0,0.0,11.0,18.0,23.0,65.0,50.0,17.0,0
23.0,3.0,3.0,3.0,107.0,557.41,0.06,16.37,34.03,9130.93,0.19,507.27,22.0,1.0,1.0,3.0,16.0,21.0,64.0,43.0,5.0,0
30.0,7.0,5.0,5.0,124.0,688.77,0.07,13.68,50.36,9420.58,0.23,523.37,29.0,0.0,1.0,11.0,16.0,31.0,71.0,53.0,13.0,0
29.0,6.0,5.0,2.0,159.0,873.2,0.04,24.0,36.38,20956.91,0.29,1164.27,29.0,6.0,0.0,9.0,18.0,27.0,87.0,72.0,11.0,0
8.0,1.0,1.0,1.0,25.0,97.67,0.27,3.67,26.64,358.13,0.03,19.9,6.0,2.0,2.0,1.0,6.0,9.0,14.0,11.0,1.0,0
8.0,2.0,1.0,1.0,27.0,114.69,0.15,6.67,17.2,764.63,0.04,42.48,8.0,0.0,0.0,0.0,10.0,9.0,15.0,12.0,3.0,0
43.0,13.0,3.0,9.0,176.0,1047.94,0.05,20.63,50.81,21613.73,0.35,1200.76,43.0,0.0,0.0,1.0,22.0,40.0,101.0,75.0,19.0,0
45.0,12.0,1.0,5.0,221.0,1359.09,0.03,28.6,47.52,38870.09,0.45,2159.45,43.0,2.0,2.0,4.0,26.0,45.0,122.0,99.0,20.0,0
21.0,8.0,4.0,2.0,83.0,411.2,0.04,26.13,15.74,10742.56,0.14,596.81,20.0,1.0,1.0,4.0,19.0,12.0,50.0,33.0,15.0,0
3.0,1.0,1.0,1.0,19.0,63.12,0.33,3.0,21.04,189.35,0.02,10.52,3.0,0.0,0.0,0.0,4.0,6.0,10.0,9.0,1.0,0
33.0,9.0,1.0,6.0,96.0,484.26,0.1,10.0,48.43,4842.62,0.16,269.03,33.0,5.0,0.0,13.0,11.0,22.0,56.0,40.0,17.0,0
46.0,8.0,1.0,5.0,176.0,1022.09,0.04,24.91,41.03,25462.18,0.34,1414.57,45.0,7.0,1.0,23.0,22.0,34.0,99.0,77.0,11.0,0
18.0,6.0,1.0,4.0,75.0,360.55,0.11,8.89,40.56,3204.9,0.12,178.05,15.0,5.0,3.0,3.0,10.0,18.0,43.0,32.0,11.0,0
45.0,5.0,1.0,3.0,128.0,736.63,0.07,14.66,50.26,10796.83,0.25,599.82,36.0,0.0,9.0,1.0,19.0,35.0,74.0,54.0,13.0,0
19.0,2.0,1.0,1.0,118.0,636.29,0.06,16.62,38.3,10572.26,0.21,587.35,16.0,16.0,3.0,17.0,16.0,26.0,64.0,54.0,3.0,0
8.0,1.0,1.0,1.0,33.0,142.62,0.21,4.67,30.56,665.58,0.05,36.98,8.0,12.0,0.0,8.0,8.0,12.0,19.0,14.0,1.0,0
5.0,1.0,1.0,1.0,13.0,43.19,0.27,3.75,11.52,161.94,0.01,9.0,4.0,1.0,1.0,2.0,6.0,4.0,8.0,5.0,1.0,0
11.0,1.0,1.0,1.0,41.0,190.4,0.14,6.92,27.5,1318.14,0.06,73.23,11.0,18.0,0.0,11.0,12.0,13.0,26.0,15.0,1.0,0
8.0,1.0,1.0,1.0,33.0,142.62,0.21,4.67,30.56,665.58,0.05,36.98,8.0,12.0,0.0,8.0,8.0,12.0,19.0,14.0,1.0,0
5.0,1.0,1.0,1.0,13.0,43.19,0.27,3.75,11.52,161.94,0.01,9.0,4.0,1.0,1.0,2.0,6.0,4.0,8.0,5.0,1.0,0
16.0,1.0,1.0,1.0,54.0,244.27,0.11,9.17,26.65,2239.16,0.08,124.4,16.0,15.0,0.0,12.0,11.0,12.0,34.0,20.0,1.0,0
19.0,3.0,1.0,2.0,161.0,899.18,0.06,15.45,58.18,13896.4,0.3,772.02,19.0,13.0,0.0,12.0,15.0,33.0,93.0,68.0,5.0,0
27.0,3.0,1.0,3.0,110.0,554.88,0.08,12.29,45.16,6817.14,0.18,378.73,27.0,1.0,0.0,4.0,12.0,21.0,67.0,43.0,5.0,0
10.0,1.0,1.0,1.0,37.0,148.0,0.14,7.0,21.14,1036.0,0.05,57.56,9.0,2.0,1.0,3.0,8.0,8.0,23.0,14.0,1.0,0
7.0,2.0,1.0,2.0,40.0,175.69,0.16,6.38,27.56,1120.04,0.06,62.22,7.0,3.0,0.0,1.0,9.0,12.0,23.0,17.0,3.0,0
17.0,4.0,1.0,3.0,63.0,284.98,0.09,11.15,25.55,3178.67,0.09,176.59,17.0,0.0,0.0,0.0,10.0,13.0,34.0,29.0,7.0,0
8.0,1.0,1.0,1.0,51.0,216.64,0.22,4.46,48.53,967.16,0.07,53.73,8.0,0.0,0.0,0.0,5.0,14.0,26.0,25.0,1.0,0
21.0,8.0,4.0,2.0,83.0,411.2,0.04,26.13,15.74,10742.56,0.14,596.81,20.0,1.0,1.0,4.0,19.0,12.0,50.0,33.0,15.0,0
13.0,3.0,3.0,3.0,53.0,249.12,0.08,12.83,19.41,3197.08,0.08,177.62,13.0,0.0,0.0,1.0,14.0,12.0,31.0,22.0,5.0,0
27.0,8.0,4.0,6.0,105.0,579.97,0.06,16.8,34.52,9743.56,0.19,541.31,25.0,0.0,2.0,9.0,21.0,25.0,65.0,40.0,12.0,0
14.0,1.0,1.0,1.0,99.0,499.4,0.08,12.86,38.84,6420.79,0.17,356.71,14.0,10.0,0.0,22.0,12.0,21.0,54.0,45.0,1.0,0
14.0,5.0,1.0,2.0,66.0,317.29,0.05,20.0,15.86,6345.71,0.11,352.54,12.0,4.0,2.0,6.0,16.0,12.0,36.0,30.0,9.0,0
28.0,3.0,1.0,2.0,123.0,667.43,0.11,8.79,75.95,5865.3,0.22,325.85,27.0,9.0,1.0,14.0,10.0,33.0,65.0,58.0,5.0,0
25.0,6.0,5.0,3.0,93.0,494.94,0.09,11.31,43.77,5596.62,0.16,310.92,18.0,1.0,7.0,2.0,14.0,26.0,51.0,42.0,11.0,0
19.0,5.0,1.0,2.0,91.0,437.47,0.04,24.81,17.63,10852.6,0.15,602.92,16.0,1.0,3.0,5.0,15.0,13.0,48.0,43.0,9.0,0
7.0,1.0,1.0,1.0,28.0,114.45,0.24,4.2,27.25,480.69,0.04,26.7,7.0,9.0,0.0,6.0,7.0,10.0,16.0,12.0,1.0,0
6.0,1.0,1.0,1.0,17.0,56.47,0.19,5.25,10.76,296.48,0.02,16.47,4.0,0.0,2.0,2.0,6.0,4.0,10.0,7.0,1.0,0
9.0,1.0,1.0,1.0,31.0,131.69,0.16,6.11,21.55,804.75,0.04,44.71,9.0,13.0,0.0,9.0,10.0,9.0,20.0,11.0,1.0,0
7.0,1.0,1.0,1.0,28.0,114.45,0.24,4.2,27.25,480.69,0.04,26.7,7.0,9.0,0.0,6.0,7.0,10.0,16.0,12.0,1.0,0
6.0,1.0,1.0,1.0,17.0,56.47,0.19,5.25,10.76,296.48,0.02,16.47,4.0,0.0,2.0,2.0,6.0,4.0,10.0,7.0,1.0,0
7.0,1.0,1.0,1.0,29.0,120.93,0.16,6.25,19.35,755.8,0.04,41.99,7.0,12.0,0.0,12.0,10.0,8.0,19.0,10.0,1.0,0
32.0,9.0,1.0,7.0,98.0,498.57,0.1,9.8,50.85,4888.17,0.17,271.56,32.0,4.0,0.0,13.0,11.0,23.0,57.0,41.0,17.0,0
32.0,7.0,1.0,3.0,120.0,642.91,0.06,16.96,37.91,10903.69,0.21,605.76,32.0,8.0,0.0,19.0,16.0,25.0,67.0,53.0,13.0,0
64.0,8.0,4.0,2.0,275.0,1662.21,0.02,40.3,41.25,66987.0,0.55,3721.5,62.0,35.0,2.0,19.0,26.0,40.0,151.0,124.0,15.0,0
7.0,2.0,1.0,2.0,16.0,57.36,0.33,3.0,19.12,172.08,0.02,9.56,7.0,0.0,0.0,2.0,6.0,6.0,10.0,6.0,3.0,0
4.0,2.0,1.0,2.0,13.0,44.97,0.19,5.25,8.57,236.11,0.01,13.12,4.0,0.0,0.0,0.0,7.0,4.0,7.0,6.0,3.0,0
5.0,1.0,1.0,1.0,13.0,43.19,0.17,5.83,7.4,251.91,0.01,14.0,5.0,1.0,0.0,0.0,7.0,3.0,8.0,5.0,1.0,0
10.0,2.0,1.0,2.0,54.0,247.59,0.15,6.5,38.09,1609.32,0.08,89.41,10.0,0.0,0.0,1.0,8.0,16.0,28.0,26.0,3.0,0
10.0,4.0,1.0,1.0,48.0,200.16,0.04,23.4,8.55,4683.66,0.07,260.2,10.0,0.0,0.0,1.0,13.0,5.0,30.0,18.0,7.0,0
13.0,7.0,4.0,7.0,91.0,450.83,0.03,30.08,14.99,13562.53,0.15,753.47,13.0,0.0,0.0,2.0,19.0,12.0,53.0,38.0,13.0,0
8.0,4.0,1.0,4.0,28.0,106.61,0.22,4.5,23.69,479.73,0.04,26.65,5.0,5.0,3.0,6.0,6.0,8.0,16.0,12.0,7.0,0
18.0,5.0,3.0,2.0,72.0,356.7,0.07,13.59,26.25,4846.95,0.12,269.28,14.0,6.0,4.0,10.0,14.0,17.0,39.0,33.0,9.0,0
5.0,1.0,1.0,1.0,12.0,38.04,0.32,3.12,12.17,118.87,0.01,6.6,5.0,1.0,0.0,2.0,5.0,4.0,7.0,5.0,1.0,0
5.0,1.0,1.0,1.0,12.0,38.04,0.32,3.12,12.17,118.87,0.01,6.6,5.0,1.0,0.0,2.0,5.0,4.0,7.0,5.0,1.0,0
11.0,1.0,1.0,1.0,41.0,190.4,0.14,6.92,27.5,1318.14,0.06,73.23,11.0,18.0,0.0,11.0,12.0,13.0,26.0,15.0,1.0,0
24.0,7.0,4.0,5.0,93.0,504.64,0.06,15.65,32.24,7898.75,0.17,438.82,22.0,0.0,2.0,8.0,20.0,23.0,57.0,36.0,11.0,0
12.0,3.0,3.0,1.0,36.0,152.93,0.13,7.78,19.66,1189.42,0.05,66.08,12.0,4.0,0.0,3.0,10.0,9.0,22.0,14.0,5.0,0
3.0,1.0,1.0,1.0,14.0,46.51,0.33,3.0,15.5,139.52,0.02,7.75,1.0,0.0,2.0,0.0,5.0,5.0,8.0,6.0,1.0,0
64.0,8.0,4.0,2.0,260.0,1565.82,0.03,37.19,42.11,58228.77,0.52,3234.93,62.0,38.0,2.0,19.0,25.0,40.0,141.0,119.0,15.0,0
12.0,3.0,1.0,2.0,58.0,284.6,0.09,11.09,25.67,3155.71,0.09,175.32,11.0,0.0,1.0,0.0,13.0,17.0,29.0,29.0,5.0,0
19.0,9.0,6.0,4.0,145.0,786.81,0.04,27.71,28.4,21801.15,0.26,1211.17,19.0,0.0,0.0,2.0,19.0,24.0,75.0,70.0,17.0,0
0.0,2.0,1.0,1.0,12.0,39.86,0.33,3.0,13.29,119.59,0.01,6.64,0.0,0.0,0.0,0.0,6.0,4.0,8.0,4.0,3.0,0
46.0,14.0,9.0,4.0,238.0,1533.42,0.04,22.38,68.52,34316.47,0.51,1906.47,46.0,8.0,0.0,42.0,25.0,62.0,127.0,111.0,27.0,0
72.0,21.0,1.0,6.0,371.0,2431.75,0.06,16.92,143.69,41152.73,0.81,2286.26,62.0,16.0,10.0,10.0,16.0,78.0,206.0,165.0,41.0,0
47.0,10.0,9.0,7.0,230.0,1414.44,0.06,15.9,88.97,22487.01,0.47,1249.28,47.0,15.0,0.0,18.0,17.0,54.0,129.0,101.0,19.0,0
72.0,3.0,1.0,1.0,412.0,2681.21,0.05,19.74,135.85,52918.65,0.89,2939.92,65.0,5.0,7.0,10.0,15.0,76.0,212.0,200.0,4.0,0
41.0,8.0,3.0,4.0,134.0,784.97,0.06,17.42,45.07,13671.55,0.26,759.53,37.0,8.0,4.0,21.0,22.0,36.0,77.0,57.0,14.0,0
6.0,1.0,1.0,1.0,16.0,50.72,0.23,4.38,11.59,221.89,0.02,12.33,4.0,0.0,2.0,2.0,5.0,4.0,9.0,7.0,1.0,0
6.0,1.0,1.0,1.0,16.0,50.72,0.23,4.38,11.59,221.89,0.02,12.33,4.0,0.0,2.0,2.0,5.0,4.0,9.0,7.0,1.0,0
9.0,1.0,1.0,1.0,31.0,131.69,0.16,6.11,21.55,804.75,0.04,44.71,9.0,13.0,0.0,9.0,10.0,9.0,20.0,11.0,1.0,0
12.0,1.0,1.0,1.0,44.0,196.21,0.08,12.28,15.98,2409.08,0.07,133.84,12.0,5.0,0.0,7.0,13.0,9.0,27.0,17.0,1.0,0
123.0,27.0,8.0,27.0,388.0,2707.18,0.02,42.84,63.2,115969.02,0.9,6442.72,122.0,6.0,1.0,30.0,46.0,80.0,239.0,149.0,36.0,0
24.0,4.0,1.0,4.0,109.0,602.07,0.06,16.14,37.27,9725.72,0.2,540.32,24.0,1.0,0.0,9.0,20.0,26.0,67.0,42.0,5.0,0
24.0,8.0,3.0,2.0,136.0,660.69,0.02,43.21,15.29,28547.12,0.22,1585.95,24.0,0.0,0.0,0.0,17.0,12.0,75.0,61.0,15.0,0
19.0,5.0,1.0,5.0,111.0,590.73,0.08,13.0,45.44,7679.54,0.2,426.64,19.0,0.0,0.0,1.0,13.0,27.0,57.0,54.0,9.0,0
15.0,2.0,1.0,2.0,62.0,287.92,0.09,11.39,25.27,3280.22,0.1,182.23,15.0,0.0,0.0,2.0,11.0,14.0,33.0,29.0,3.0,0
0.0,2.0,1.0,1.0,12.0,38.04,0.25,4.0,9.51,152.16,0.01,8.45,0.0,0.0,0.0,0.0,6.0,3.0,8.0,4.0,3.0,0
0.0,1.0,1.0,1.0,1.0,0.0,0.0,0.0,0.0,0.0,0.0,0.0,0.0,0.0,0.0,0.0,1.0,0.0,1.0,0.0,1.0,0
6.0,4.0,4.0,2.0,35.0,153.73,0.13,7.7,19.97,1183.73,0.05,65.76,6.0,0.0,0.0,3.0,11.0,10.0,21.0,14.0,7.0,0
27.0,9.0,9.0,5.0,98.0,494.35,0.08,12.68,39.0,6265.89,0.16,348.11,27.0,3.0,0.0,11.0,13.0,20.0,59.0,39.0,17.0,0
17.0,5.0,5.0,3.0,61.0,302.21,0.09,10.78,28.03,3258.16,0.1,181.01,17.0,3.0,0.0,0.0,15.0,16.0,38.0,23.0,9.0,0
32.0,3.0,1.0,1.0,239.0,1434.0,0.06,15.4,93.12,22083.6,0.48,1226.87,32.0,21.0,0.0,48.0,14.0,50.0,129.0,110.0,5.0,0
32.0,3.0,1.0,1.0,252.0,1534.04,0.06,17.85,85.96,27376.73,0.51,1520.93,31.0,21.0,1.0,48.0,16.0,52.0,136.0,116.0,5.0,0
63.0,6.0,1.0,4.0,182.0,1133.65,0.15,6.87,164.89,7793.81,0.38,432.99,61.0,50.0,2.0,27.0,11.0,64.0,102.0,80.0,11.0,0
4.0,1.0,1.0,1.0,16.0,59.21,0.24,4.08,14.5,241.76,0.02,13.43,4.0,0.0,0.0,1.0,7.0,6.0,9.0,7.0,1.0,0
11.0,2.0,1.0,1.0,17.0,53.89,0.25,4.0,13.47,215.55,0.02,11.98,11.0,0.0,0.0,1.0,6.0,3.0,13.0,4.0,3.0,0
7.0,2.0,1.0,2.0,24.0,96.0,0.22,4.5,21.33,432.0,0.03,24.0,6.0,3.0,1.0,4.0,8.0,8.0,15.0,9.0,3.0,0
25.0,6.0,4.0,2.0,175.0,1016.29,0.05,18.95,53.64,19255.97,0.34,1069.78,23.0,13.0,2.0,8.0,18.0,38.0,95.0,80.0,11.0,0
4.0,1.0,1.0,1.0,11.0,34.87,0.25,4.0,8.72,139.48,0.01,7.75,4.0,0.0,0.0,0.0,6.0,3.0,7.0,4.0,1.0,0
21.0,7.0,1.0,6.0,139.0,763.37,0.05,18.48,41.3,14109.14,0.25,783.84,21.0,0.0,0.0,1.0,16.0,29.0,72.0,67.0,13.0,0
11.0,2.0,1.0,2.0,34.0,141.78,0.16,6.4,22.15,907.38,0.05,50.41,11.0,0.0,0.0,1.0,8.0,10.0,18.0,16.0,3.0,0
0.0,2.0,1.0,1.0,12.0,38.04,0.25,4.0,9.51,152.16,0.01,8.45,0.0,0.0,0.0,0.0,6.0,3.0,8.0,4.0,3.0,0
66.0,28.0,22.0,17.0,366.0,2358.12,0.02,46.25,50.98,109073.64,0.79,6059.65,66.0,7.0,0.0,8.0,32.0,55.0,207.0,159.0,52.0,0
40.0,9.0,1.0,5.0,247.0,1508.81,0.03,31.25,48.28,47150.17,0.5,2619.45,40.0,3.0,0.0,17.0,25.0,44.0,137.0,110.0,17.0,0
42.0,6.0,1.0,3.0,242.0,1386.16,0.03,38.68,35.84,53612.97,0.46,2978.5,40.0,16.0,2.0,14.0,22.0,31.0,133.0,109.0,11.0,0
16.0,1.0,1.0,1.0,67.0,294.29,0.21,4.69,62.78,1379.46,0.1,76.64,16.0,1.0,0.0,2.0,5.0,16.0,37.0,30.0,1.0,0
5.0,2.0,1.0,1.0,18.0,68.53,0.17,6.0,11.42,411.19,0.02,22.84,5.0,1.0,0.0,2.0,8.0,6.0,9.0,9.0,3.0,0
19.0,5.0,5.0,3.0,70.0,346.79,0.09,11.53,30.08,3998.33,0.12,222.13,19.0,4.0,0.0,0.0,14.0,17.0,42.0,28.0,9.0,0
28.0,5.0,1.0,5.0,113.0,605.4,0.06,17.35,34.89,10506.27,0.2,583.68,28.0,10.0,0.0,6.0,17.0,24.0,64.0,49.0,6.0,0
28.0,5.0,1.0,5.0,113.0,605.4,0.06,17.35,34.89,10506.27,0.2,583.68,28.0,10.0,0.0,6.0,17.0,24.0,64.0,49.0,6.0,0
17.0,3.0,1.0,1.0,40.0,180.94,0.11,8.73,20.73,1579.13,0.06,87.73,17.0,7.0,0.0,5.0,12.0,11.0,24.0,16.0,5.0,0
9.0,1.0,1.0,1.0,25.0,92.51,0.5,2.0,46.26,185.02,0.03,10.28,9.0,0.0,0.0,2.0,4.0,9.0,16.0,9.0,1.0,0
35.0,7.0,3.0,6.0,167.0,956.56,0.04,27.98,34.18,26767.81,0.32,1487.1,33.0,25.0,2.0,23.0,23.0,30.0,94.0,73.0,13.0,0
6.0,1.0,1.0,1.0,25.0,83.05,0.25,4.0,20.76,332.19,0.03,18.46,6.0,0.0,0.0,1.0,4.0,6.0,13.0,12.0,1.0,0
11.0,1.0,1.0,1.0,86.0,421.99,0.08,13.0,32.46,5485.9,0.14,304.77,11.0,1.0,0.0,2.0,12.0,18.0,47.0,39.0,1.0,0
42.0,7.0,1.0,7.0,156.0,880.44,0.04,24.62,35.76,21677.08,0.29,1204.28,42.0,7.0,0.0,14.0,21.0,29.0,88.0,68.0,9.0,0
21.0,5.0,3.0,4.0,53.0,246.12,0.07,15.0,16.41,3691.87,0.08,205.1,21.0,5.0,0.0,9.0,15.0,10.0,33.0,20.0,9.0,0
21.0,7.0,6.0,3.0,70.0,325.07,0.06,16.25,20.0,5282.39,0.11,293.47,21.0,0.0,0.0,1.0,13.0,12.0,40.0,30.0,13.0,0
0.0,2.0,1.0,1.0,12.0,38.04,0.25,4.0,9.51,152.16,0.01,8.45,0.0,0.0,0.0,0.0,6.0,3.0,8.0,4.0,3.0,0
36.0,15.0,1.0,8.0,193.0,1094.78,0.04,27.02,40.52,29576.11,0.36,1643.12,36.0,5.0,0.0,4.0,19.0,32.0,102.0,91.0,29.0,0
37.0,8.0,3.0,7.0,250.0,1561.98,0.04,24.23,64.45,37848.02,0.52,2102.67,37.0,5.0,0.0,18.0,24.0,52.0,145.0,105.0,15.0,0
12.0,4.0,1.0,2.0,55.0,272.48,0.12,8.31,32.81,2263.1,0.09,125.73,10.0,1.0,2.0,3.0,13.0,18.0,32.0,23.0,7.0,0
21.0,6.0,4.0,4.0,80.0,419.83,0.06,15.5,27.09,6507.43,0.14,361.52,19.0,0.0,2.0,7.0,19.0,19.0,49.0,31.0,10.0,0
10.0,1.0,1.0,1.0,40.0,166.8,0.27,3.65,45.65,609.45,0.06,33.86,8.0,3.0,2.0,2.0,5.0,13.0,21.0,19.0,1.0,0
13.0,1.0,1.0,1.0,49.0,218.51,0.23,4.31,50.67,942.33,0.07,52.35,11.0,15.0,2.0,9.0,6.0,16.0,26.0,23.0,1.0,0
23.0,5.0,1.0,5.0,76.0,365.36,0.07,13.43,27.2,4907.99,0.12,272.67,23.0,7.0,0.0,10.0,13.0,15.0,45.0,31.0,9.0,0
77.0,11.0,5.0,3.0,153.0,863.51,0.05,19.55,44.17,16883.11,0.29,937.95,62.0,12.0,15.0,15.0,21.0,29.0,99.0,54.0,21.0,0
4.0,1.0,1.0,1.0,17.0,53.89,0.31,3.2,16.84,172.44,0.02,9.58,4.0,0.0,0.0,0.0,4.0,5.0,9.0,8.0,1.0,0
4.0,1.0,1.0,1.0,11.0,34.87,0.32,3.12,11.16,108.97,0.01,6.05,4.0,0.0,0.0,0.0,5.0,4.0,6.0,5.0,1.0,0
9.0,1.0,1.0,1.0,31.0,114.71,0.05,21.67,5.29,2485.46,0.04,138.08,9.0,0.0,0.0,2.0,10.0,3.0,18.0,13.0,1.0,0
0.0,2.0,1.0,1.0,12.0,38.04,0.25,4.0,9.51,152.16,0.01,8.45,0.0,0.0,0.0,0.0,6.0,3.0,8.0,4.0,3.0,0
21.0,9.0,4.0,7.0,94.0,470.0,0.04,23.8,19.75,11186.0,0.16,621.44,18.0,0.0,3.0,2.0,17.0,15.0,52.0,42.0,15.0,0
41.0,9.0,3.0,8.0,290.0,1833.36,0.04,26.36,69.56,48322.11,0.61,2684.56,41.0,7.0,0.0,19.0,24.0,56.0,167.0,123.0,17.0,0
46.0,9.0,1.0,2.0,161.0,908.66,0.04,25.98,34.97,23608.35,0.3,1311.58,45.0,7.0,1.0,21.0,23.0,27.0,100.0,61.0,10.0,0
4.0,1.0,1.0,1.0,15.0,51.89,0.28,3.6,14.41,186.81,0.02,10.38,4.0,0.0,0.0,3.0,6.0,5.0,9.0,6.0,1.0,0
3.0,1.0,1.0,1.0,10.0,31.7,0.29,3.5,9.06,110.95,0.01,6.16,3.0,0.0,0.0,0.0,7.0,2.0,8.0,2.0,1.0,0
12.0,2.0,1.0,1.0,27.0,112.59,0.16,6.25,18.01,703.67,0.04,39.09,12.0,0.0,0.0,2.0,10.0,8.0,17.0,10.0,3.0,0
40.0,9.0,1.0,5.0,247.0,1492.97,0.03,33.54,44.52,50068.96,0.5,2781.61,40.0,3.0,0.0,16.0,25.0,41.0,137.0,110.0,17.0,0
9.0,4.0,1.0,4.0,27.0,108.0,0.18,5.5,19.64,594.0,0.04,33.0,9.0,1.0,0.0,4.0,8.0,8.0,16.0,11.0,7.0,0
12.0,2.0,1.0,2.0,23.0,94.01,0.25,4.0,23.5,376.05,0.03,20.89,12.0,3.0,0.0,2.0,8.0,9.0,14.0,9.0,3.0,0
3.0,1.0,1.0,1.0,12.0,39.86,0.21,4.67,8.54,186.03,0.01,10.33,3.0,0.0,0.0,0.0,7.0,3.0,8.0,4.0,1.0,0
103.0,19.0,6.0,7.0,716.0,4670.87,0.02,43.99,106.19,205454.31,1.56,11414.13,101.0,37.0,2.0,31.0,19.0,73.0,378.0,338.0,37.0,0
5.0,2.0,1.0,2.0,20.0,78.14,0.18,5.71,13.67,446.5,0.03,24.81,5.0,0.0,0.0,1.0,8.0,7.0,10.0,10.0,3.0,0
16.0,4.0,3.0,3.0,69.0,351.03,0.1,9.9,35.44,3476.92,0.12,193.16,16.0,2.0,0.0,2.0,13.0,21.0,37.0,32.0,7.0,0
0.0,2.0,1.0,1.0,12.0,39.86,0.33,3.0,13.29,119.59,0.01,6.64,0.0,0.0,0.0,0.0,6.0,4.0,8.0,4.0,3.0,0
8.0,3.0,1.0,3.0,31.0,133.98,0.17,6.0,22.33,803.88,0.04,44.66,8.0,0.0,0.0,1.0,10.0,10.0,19.0,12.0,5.0,0
77.0,14.0,6.0,10.0,555.0,3763.65,0.02,45.0,83.64,169364.46,1.25,9409.14,77.0,9.0,0.0,25.0,30.0,80.0,315.0,240.0,27.0,0
8.0,1.0,1.0,1.0,31.0,124.0,0.5,2.0,62.0,248.0,0.04,13.78,8.0,0.0,0.0,1.0,4.0,12.0,19.0,12.0,1.0,0
15.0,3.0,1.0,2.0,51.0,233.83,0.09,10.58,22.11,2473.23,0.08,137.4,13.0,3.0,2.0,6.0,11.0,13.0,26.0,25.0,5.0,0
5.0,1.0,1.0,1.0,12.0,39.86,0.21,4.67,8.54,186.03,0.01,10.33,5.0,0.0,0.0,2.0,7.0,3.0,8.0,4.0,1.0,0
12.0,3.0,3.0,1.0,32.0,135.93,0.12,8.25,16.48,1121.45,0.05,62.3,12.0,4.0,0.0,4.0,11.0,8.0,20.0,12.0,5.0,0
44.0,11.0,3.0,8.0,324.0,2098.14,0.03,31.21,67.22,65489.41,0.7,3638.3,44.0,5.0,0.0,19.0,28.0,61.0,188.0,136.0,21.0,0
4.0,1.0,1.0,1.0,20.0,71.7,0.25,4.0,17.92,286.8,0.02,15.93,4.0,2.0,0.0,2.0,6.0,6.0,12.0,8.0,1.0,0
15.0,3.0,1.0,3.0,41.0,174.17,0.09,11.0,15.83,1915.82,0.06,106.43,14.0,1.0,1.0,5.0,11.0,8.0,25.0,16.0,5.0,0
52.0,4.0,1.0,1.0,224.0,1312.19,0.05,19.73,66.5,25890.47,0.44,1438.36,41.0,29.0,11.0,24.0,19.0,39.0,143.0,81.0,7.0,0
4.0,1.0,1.0,1.0,8.0,22.46,0.4,2.5,8.98,56.15,0.01,3.12,4.0,0.0,0.0,0.0,5.0,2.0,6.0,2.0,1.0,0
12.0,3.0,1.0,3.0,64.0,317.07,0.06,16.0,19.82,5073.1,0.11,281.84,12.0,0.0,0.0,1.0,16.0,15.0,34.0,30.0,5.0,0
7.0,3.0,3.0,3.0,24.0,98.1,0.2,5.06,19.38,496.63,0.03,27.59,7.0,1.0,0.0,1.0,9.0,8.0,15.0,9.0,5.0,0
8.0,2.0,1.0,2.0,29.0,116.0,0.1,10.0,11.6,1160.0,0.04,64.44,8.0,0.0,0.0,2.0,10.0,6.0,17.0,12.0,3.0,0
28.0,5.0,3.0,4.0,102.0,535.29,0.04,24.44,21.9,13084.83,0.18,726.94,28.0,0.0,0.0,6.0,20.0,18.0,58.0,44.0,9.0,0
155.0,26.0,17.0,11.0,604.0,4287.21,0.02,44.73,95.85,191759.06,1.43,10653.28,143.0,7.0,12.0,101.0,34.0,103.0,333.0,271.0,46.0,0
9.0,2.0,1.0,2.0,37.0,165.0,0.14,7.08,23.29,1168.74,0.05,64.93,9.0,2.0,0.0,4.0,10.0,12.0,20.0,17.0,3.0,0
3.0,1.0,1.0,1.0,7.0,19.65,0.5,2.0,9.83,39.3,0.01,2.18,2.0,0.0,1.0,1.0,4.0,3.0,4.0,3.0,1.0,0
31.0,3.0,1.0,1.0,252.0,1517.64,0.06,17.4,87.22,26406.88,0.51,1467.05,31.0,27.0,0.0,12.0,15.0,50.0,136.0,116.0,5.0,0
3.0,1.0,1.0,1.0,10.0,31.7,0.29,3.5,9.06,110.95,0.01,6.16,3.0,0.0,0.0,0.0,7.0,2.0,8.0,2.0,1.0,0
49.0,10.0,3.0,10.0,326.0,2094.96,0.04,25.56,81.98,53537.93,0.7,2974.33,49.0,8.0,0.0,19.0,23.0,63.0,186.0,140.0,19.0,0
37.0,6.0,1.0,2.0,97.0,541.74,0.07,13.93,38.89,7545.68,0.18,419.2,37.0,0.0,0.0,4.0,20.0,28.0,58.0,39.0,11.0,0
15.0,2.0,1.0,2.0,60.0,275.1,0.14,6.9,39.87,1898.17,0.09,105.45,13.0,7.0,2.0,5.0,9.0,15.0,37.0,23.0,3.0,0
18.0,1.0,1.0,1.0,84.0,416.15,0.11,9.05,46.0,3765.19,0.14,209.18,18.0,2.0,0.0,8.0,10.0,21.0,46.0,38.0,1.0,0
144.0,36.0,1.0,17.0,1070.0,7270.02,0.01,87.53,83.06,636348.83,2.42,35352.71,102.0,24.0,42.0,62.0,29.0,82.0,575.0,495.0,71.0,0
39.0,8.0,1.0,8.0,175.0,977.37,0.04,24.9,39.25,24336.47,0.33,1352.03,39.0,3.0,0.0,5.0,18.0,30.0,92.0,83.0,15.0,0
19.0,8.0,8.0,8.0,85.0,428.77,0.05,18.35,23.36,7869.25,0.14,437.18,19.0,1.0,0.0,1.0,16.0,17.0,46.0,39.0,15.0,0
13.0,2.0,1.0,1.0,43.0,188.87,0.14,7.13,26.51,1345.7,0.06,74.76,13.0,0.0,0.0,1.0,9.0,12.0,24.0,19.0,3.0,0
89.0,34.0,17.0,15.0,470.0,3199.46,0.02,53.33,59.99,170637.7,1.07,9479.87,87.0,0.0,2.0,12.0,40.0,72.0,278.0,192.0,55.0,0
70.0,20.0,1.0,19.0,213.0,1346.57,0.04,25.62,52.55,34502.44,0.45,1916.8,70.0,0.0,0.0,24.0,31.0,49.0,132.0,81.0,22.0,0
21.0,3.0,1.0,3.0,64.0,322.84,0.1,9.95,32.45,3211.42,0.11,178.41,21.0,1.0,0.0,3.0,14.0,19.0,37.0,27.0,4.0,0
8.0,1.0,1.0,1.0,19.0,60.23,0.67,1.5,40.15,90.34,0.02,5.02,8.0,0.0,0.0,1.0,3.0,6.0,13.0,6.0,1.0,0
40.0,6.0,3.0,6.0,273.0,1735.61,0.03,31.11,55.79,53996.81,0.58,2999.82,40.0,7.0,0.0,18.0,28.0,54.0,153.0,120.0,11.0,0
48.0,3.0,1.0,1.0,284.0,1815.42,0.07,15.11,120.16,27428.6,0.61,1523.81,46.0,8.0,2.0,13.0,15.0,69.0,145.0,139.0,5.0,0
31.0,3.0,1.0,1.0,252.0,1517.64,0.06,17.4,87.22,26406.88,0.51,1467.05,31.0,27.0,0.0,11.0,15.0,50.0,136.0,116.0,5.0,0
78.0,12.0,1.0,10.0,281.0,1728.08,0.03,39.72,43.51,68640.9,0.58,3813.38,76.0,3.0,2.0,16.0,28.0,43.0,159.0,122.0,19.0,0
5.0,1.0,1.0,1.0,12.0,39.86,0.21,4.67,8.54,186.03,0.01,10.33,5.0,0.0,0.0,2.0,7.0,3.0,8.0,4.0,1.0,0
46.0,10.0,3.0,9.0,335.0,2174.77,0.04,27.5,79.08,59806.2,0.72,3322.57,46.0,7.0,0.0,20.0,25.0,65.0,192.0,143.0,19.0,0
5.0,2.0,1.0,2.0,21.0,85.84,0.13,7.86,10.92,674.43,0.03,37.47,5.0,0.0,0.0,4.0,10.0,7.0,10.0,11.0,3.0,0
69.0,13.0,7.0,8.0,378.0,2441.67,0.04,26.83,90.99,65518.01,0.81,3639.89,68.0,34.0,1.0,26.0,22.0,66.0,217.0,161.0,25.0,0
54.0,7.0,1.0,6.0,154.0,894.33,0.05,20.71,43.19,18517.95,0.3,1028.77,52.0,12.0,2.0,12.0,22.0,34.0,90.0,64.0,12.0,0
54.0,5.0,1.0,1.0,507.0,3543.26,0.04,23.87,148.42,84587.05,1.18,4699.28,54.0,2.0,0.0,19.0,21.0,106.0,266.0,241.0,9.0,0
141.0,36.0,1.0,17.0,1056.0,7133.16,0.01,89.75,79.48,640223.79,2.38,35567.99,99.0,24.0,42.0,56.0,29.0,79.0,567.0,489.0,71.0,0
21.0,5.0,5.0,3.0,111.0,582.52,0.04,24.0,24.27,13980.48,0.19,776.69,21.0,0.0,0.0,1.0,19.0,19.0,63.0,48.0,9.0,0
13.0,3.0,1.0,3.0,45.0,200.67,0.1,10.5,19.11,2107.08,0.07,117.06,13.0,1.0,0.0,1.0,11.0,11.0,24.0,21.0,5.0,0
7.0,3.0,1.0,1.0,29.0,113.3,0.1,9.75,11.62,1104.67,0.04,61.37,7.0,0.0,0.0,1.0,9.0,6.0,16.0,13.0,5.0,0
10.0,1.0,1.0,1.0,32.0,130.8,0.26,3.82,34.26,499.41,0.04,27.75,10.0,0.0,0.0,3.0,6.0,11.0,18.0,14.0,1.0,0
41.0,2.0,1.0,2.0,343.0,2149.51,0.04,28.31,75.92,60857.94,0.72,3381.0,41.0,12.0,0.0,14.0,21.0,56.0,192.0,151.0,3.0,0
42.0,6.0,1.0,6.0,221.0,1401.11,0.12,8.26,169.61,11574.36,0.47,643.02,37.0,10.0,5.0,5.0,12.0,69.0,126.0,95.0,11.0,0
16.0,7.0,7.0,3.0,97.0,426.05,0.05,22.0,19.37,9373.21,0.14,520.73,16.0,2.0,0.0,8.0,11.0,10.0,57.0,40.0,13.0,0
28.0,7.0,5.0,7.0,125.0,694.32,0.06,15.87,43.76,11016.6,0.23,612.03,28.0,7.0,0.0,8.0,17.0,30.0,69.0,56.0,13.0,0
31.0,3.0,1.0,1.0,252.0,1517.64,0.06,17.4,87.22,26406.88,0.51,1467.05,31.0,27.0,0.0,12.0,15.0,50.0,136.0,116.0,5.0,0
5.0,2.0,1.0,2.0,24.0,101.95,0.11,9.43,10.81,961.25,0.03,53.4,5.0,0.0,0.0,2.0,12.0,7.0,13.0,11.0,3.0,0
8.0,1.0,1.0,1.0,25.0,97.67,0.18,5.71,17.09,558.13,0.03,31.01,8.0,0.0,0.0,2.0,8.0,7.0,15.0,10.0,1.0,0
32.0,4.0,1.0,4.0,102.0,556.86,0.07,13.54,41.14,7538.26,0.19,418.79,31.0,12.0,1.0,6.0,17.0,27.0,59.0,43.0,7.0,0
83.0,15.0,5.0,6.0,558.0,3537.64,0.02,40.15,88.12,142018.98,1.18,7889.94,83.0,34.0,0.0,24.0,19.0,62.0,296.0,262.0,29.0,0
4.0,1.0,1.0,1.0,8.0,20.68,0.67,1.5,13.79,31.02,0.01,1.72,4.0,0.0,0.0,5.0,3.0,3.0,5.0,3.0,1.0,0
39.0,8.0,5.0,8.0,134.0,767.54,0.05,18.7,41.04,14355.42,0.26,797.52,37.0,0.0,2.0,2.0,21.0,32.0,77.0,57.0,13.0,0
9.0,3.0,1.0,2.0,37.0,157.17,0.07,14.57,10.79,2290.24,0.05,127.24,9.0,1.0,0.0,1.0,12.0,7.0,20.0,17.0,5.0,0
5.0,1.0,1.0,1.0,13.0,39.0,0.33,3.0,13.0,117.0,0.01,6.5,5.0,0.0,0.0,0.0,4.0,4.0,7.0,6.0,1.0,0
3.0,3.0,1.0,2.0,32.0,135.93,0.11,8.89,15.29,1208.3,0.05,67.13,3.0,0.0,0.0,0.0,10.0,9.0,16.0,16.0,5.0,0
9.0,1.0,1.0,1.0,65.0,322.02,0.11,9.16,35.16,2949.05,0.11,163.84,9.0,2.0,0.0,5.0,12.0,19.0,36.0,29.0,1.0,0
31.0,7.0,5.0,4.0,125.0,660.68,0.03,32.08,20.59,21196.67,0.22,1177.59,28.0,19.0,3.0,14.0,21.0,18.0,70.0,55.0,13.0,0
37.0,14.0,5.0,1.0,174.0,817.88,0.03,29.7,27.54,24290.93,0.27,1349.5,36.0,20.0,1.0,16.0,11.0,15.0,93.0,81.0,27.0,0
50.0,10.0,5.0,7.0,351.0,2300.66,0.03,32.88,69.97,75642.93,0.77,4202.39,50.0,19.0,0.0,22.0,28.0,66.0,196.0,155.0,19.0,0
13.0,1.0,1.0,1.0,70.0,312.16,0.1,10.38,30.06,3241.66,0.1,180.09,13.0,0.0,0.0,6.0,9.0,13.0,40.0,30.0,1.0,0
76.0,8.0,1.0,4.0,473.0,2946.23,0.04,26.51,111.14,78099.28,0.98,4338.85,76.0,13.0,0.0,48.0,14.0,61.0,242.0,231.0,15.0,0
31.0,3.0,1.0,1.0,252.0,1517.64,0.06,17.4,87.22,26406.88,0.51,1467.05,31.0,27.0,0.0,11.0,15.0,50.0,136.0,116.0,5.0,0
79.0,23.0,1.0,22.0,243.0,1569.64,0.03,28.96,54.19,45461.48,0.52,2525.64,79.0,0.0,0.0,27.0,34.0,54.0,151.0,92.0,25.0,0
12.0,2.0,1.0,2.0,42.0,201.91,0.13,7.5,26.92,1514.32,0.07,84.13,11.0,1.0,1.0,4.0,12.0,16.0,22.0,20.0,3.0,0
5.0,1.0,1.0,1.0,8.0,20.68,0.5,2.0,10.34,41.36,0.01,2.3,5.0,0.0,0.0,1.0,4.0,2.0,6.0,2.0,1.0,0
44.0,6.0,1.0,3.0,182.0,1052.21,0.05,22.17,47.47,23323.93,0.35,1295.77,43.0,27.0,1.0,11.0,19.0,36.0,98.0,84.0,11.0,0
7.0,2.0,1.0,2.0,20.0,76.15,0.2,5.0,15.23,380.74,0.03,21.15,7.0,2.0,0.0,1.0,7.0,7.0,10.0,10.0,3.0,0
8.0,2.0,1.0,2.0,33.0,149.28,0.1,10.4,14.35,1552.49,0.05,86.25,8.0,0.0,0.0,1.0,13.0,10.0,17.0,16.0,3.0,0
14.0,5.0,3.0,3.0,56.0,280.0,0.1,10.11,27.69,2831.11,0.09,157.28,14.0,1.0,0.0,1.0,14.0,18.0,30.0,26.0,9.0,0
4.0,3.0,3.0,3.0,23.0,85.11,0.15,6.75,12.61,574.49,0.03,31.92,4.0,0.0,0.0,0.0,9.0,4.0,17.0,6.0,5.0,0
88.0,36.0,15.0,24.0,516.0,3538.72,0.03,29.92,118.25,105895.19,1.18,5883.07,84.0,1.0,4.0,13.0,23.0,93.0,274.0,242.0,71.0,0
31.0,7.0,5.0,4.0,125.0,669.69,0.03,28.88,23.19,19337.41,0.22,1074.3,26.0,19.0,5.0,19.0,21.0,20.0,70.0,55.0,13.0,0
40.0,7.0,3.0,6.0,167.0,969.83,0.06,17.53,55.34,16997.52,0.32,944.31,40.0,16.0,0.0,20.0,18.0,38.0,93.0,74.0,13.0,0
11.0,4.0,1.0,2.0,52.0,244.42,0.07,14.0,17.46,3421.92,0.08,190.11,9.0,0.0,2.0,5.0,14.0,12.0,28.0,24.0,7.0,0
21.0,6.0,5.0,6.0,110.0,585.41,0.07,15.0,39.03,8781.18,0.2,487.84,21.0,7.0,0.0,9.0,15.0,25.0,60.0,50.0,11.0,0
28.0,7.0,5.0,7.0,125.0,694.32,0.06,15.87,43.76,11016.6,0.23,612.03,28.0,7.0,0.0,8.0,17.0,30.0,69.0,56.0,13.0,0
50.0,3.0,1.0,2.0,440.0,2856.42,0.04,28.0,102.01,79979.63,0.95,4443.31,50.0,13.0,0.0,17.0,20.0,70.0,244.0,196.0,5.0,0
9.0,1.0,1.0,1.0,64.0,276.6,0.17,6.0,46.1,1659.62,0.09,92.2,9.0,9.0,0.0,7.0,6.0,14.0,36.0,28.0,1.0,0
33.0,6.0,5.0,4.0,108.0,609.54,0.11,9.14,66.7,5570.49,0.2,309.47,33.0,4.0,0.0,8.0,14.0,36.0,61.0,47.0,11.0,0
21.0,2.0,1.0,2.0,99.0,515.74,0.07,14.48,35.63,7465.89,0.17,414.77,21.0,3.0,0.0,8.0,16.0,21.0,61.0,38.0,3.0,0
106.0,48.0,1.0,2.0,1007.0,5430.06,0.01,115.43,47.04,626797.86,1.81,34822.1,103.0,0.0,3.0,1.0,13.0,29.0,492.0,515.0,95.0,0
6.0,2.0,1.0,1.0,21.0,77.71,0.07,15.0,5.18,1165.64,0.03,64.76,6.0,1.0,0.0,0.0,10.0,3.0,12.0,9.0,3.0,0
12.0,4.0,1.0,1.0,48.0,220.08,0.1,10.05,21.91,2210.79,0.07,122.82,12.0,0.0,0.0,1.0,13.0,11.0,31.0,17.0,7.0,0
6.0,1.0,1.0,1.0,10.0,30.0,0.22,4.5,6.67,135.0,0.01,7.5,6.0,0.0,0.0,2.0,6.0,2.0,7.0,3.0,1.0,0
50.0,20.0,12.0,7.0,307.0,1813.42,0.01,70.29,25.8,127457.2,0.6,7080.96,50.0,6.0,0.0,4.0,32.0,28.0,184.0,123.0,37.0,0
31.0,7.0,5.0,4.0,125.0,665.24,0.03,30.39,21.89,20219.83,0.22,1123.32,27.0,21.0,4.0,19.0,21.0,19.0,70.0,55.0,13.0,0
49.0,1.0,1.0,1.0,283.0,1628.63,0.18,5.64,288.76,9185.49,0.54,510.31,46.0,4.0,3.0,5.0,4.0,50.0,142.0,141.0,1.0,0
55.0,15.0,1.0,14.0,159.0,957.56,0.05,19.67,48.69,18831.94,0.32,1046.22,55.0,0.0,0.0,19.0,26.0,39.0,100.0,59.0,17.0,0
21.0,6.0,5.0,6.0,109.0,576.11,0.07,14.0,41.15,8065.52,0.19,448.08,21.0,7.0,0.0,9.0,14.0,25.0,59.0,50.0,11.0,0
76.0,8.0,1.0,4.0,473.0,2946.23,0.04,26.51,111.14,78099.28,0.98,4338.85,76.0,13.0,0.0,48.0,14.0,61.0,242.0,231.0,15.0,0
29.0,1.0,1.0,1.0,184.0,1112.17,0.09,10.79,103.05,12003.03,0.37,666.83,29.0,2.0,0.0,8.0,13.0,53.0,96.0,88.0,1.0,0
34.0,5.0,1.0,5.0,100.0,542.63,0.08,13.04,41.62,7074.24,0.18,393.01,34.0,3.0,0.0,7.0,16.0,27.0,56.0,44.0,7.0,0
16.0,4.0,1.0,3.0,59.0,283.63,0.07,13.5,21.01,3829.06,0.09,212.73,16.0,3.0,0.0,0.0,14.0,14.0,32.0,27.0,7.0,0
5.0,2.0,1.0,1.0,19.0,68.11,0.24,4.2,16.21,286.08,0.02,15.89,5.0,0.0,0.0,0.0,7.0,5.0,13.0,6.0,3.0,0
20.0,10.0,1.0,6.0,113.0,601.38,0.05,22.09,27.22,13284.98,0.2,738.05,20.0,0.0,0.0,5.0,18.0,22.0,59.0,54.0,19.0,0
9.0,2.0,1.0,2.0,38.0,158.46,0.14,7.2,22.01,1140.89,0.05,63.38,9.0,1.0,0.0,3.0,8.0,10.0,20.0,18.0,3.0,0
10.0,4.0,1.0,1.0,37.0,154.29,0.05,22.1,6.98,3409.75,0.05,189.43,10.0,0.0,0.0,5.0,13.0,5.0,20.0,17.0,7.0,0
13.0,2.0,1.0,1.0,75.0,324.14,0.08,12.33,26.28,3997.78,0.11,222.1,12.0,1.0,1.0,2.0,8.0,12.0,38.0,37.0,3.0,0
40.0,3.0,1.0,2.0,334.0,2099.32,0.04,28.18,74.49,59167.8,0.7,3287.1,39.0,8.0,1.0,15.0,21.0,57.0,181.0,153.0,5.0,0
5.0,1.0,1.0,1.0,17.0,62.91,0.24,4.08,15.41,256.87,0.02,14.27,5.0,9.0,0.0,3.0,7.0,6.0,10.0,7.0,1.0,0
21.0,6.0,5.0,6.0,110.0,585.41,0.07,15.0,39.03,8781.18,0.2,487.84,21.0,7.0,0.0,9.0,15.0,25.0,60.0,50.0,11.0,0
9.0,1.0,1.0,1.0,62.0,301.19,0.09,10.56,28.52,3181.37,0.1,176.74,9.0,1.0,0.0,5.0,13.0,16.0,36.0,26.0,1.0,0
23.0,1.0,1.0,1.0,85.0,394.73,0.35,2.86,137.84,1130.36,0.13,62.8,23.0,0.0,0.0,2.0,3.0,22.0,43.0,42.0,1.0,0
12.0,2.0,1.0,1.0,47.0,183.62,0.14,7.33,25.04,1346.57,0.06,74.81,11.0,2.0,1.0,3.0,6.0,9.0,25.0,22.0,3.0,0
36.0,5.0,1.0,5.0,115.0,631.56,0.07,14.07,44.89,8885.44,0.21,493.64,36.0,3.0,0.0,7.0,16.0,29.0,64.0,51.0,7.0,0
54.0,11.0,1.0,7.0,214.0,1284.0,0.04,27.6,46.52,35438.4,0.43,1968.8,54.0,7.0,0.0,17.0,24.0,40.0,122.0,92.0,15.0,0
6.0,2.0,1.0,2.0,11.0,33.0,0.5,2.0,16.5,66.0,0.01,3.67,6.0,0.0,0.0,2.0,4.0,4.0,7.0,4.0,3.0,0
152.0,53.0,1.0,43.0,2134.0,15811.64,0.0,270.66,58.42,4279633.01,5.27,237757.4,152.0,0.0,0.0,14.0,66.0,104.0,1281.0,853.0,72.0,0
20.0,7.0,4.0,3.0,127.0,689.14,0.05,20.52,33.58,14141.06,0.23,785.61,20.0,0.0,0.0,1.0,18.0,25.0,70.0,57.0,13.0,0
23.0,1.0,1.0,1.0,218.0,1080.01,0.06,17.04,63.37,18407.21,0.36,1022.62,23.0,7.0,0.0,9.0,8.0,23.0,120.0,98.0,1.0,0
49.0,6.0,3.0,4.0,254.0,1535.28,0.03,31.02,49.49,47629.26,0.51,2646.07,49.0,30.0,0.0,20.0,23.0,43.0,138.0,116.0,11.0,0
21.0,6.0,5.0,6.0,109.0,576.11,0.07,14.0,41.15,8065.52,0.19,448.08,21.0,7.0,0.0,9.0,14.0,25.0,59.0,50.0,11.0,0
16.0,2.0,1.0,2.0,73.0,347.11,0.14,7.37,47.11,2557.63,0.12,142.09,16.0,0.0,0.0,8.0,8.0,19.0,38.0,35.0,3.0,0
22.0,4.0,1.0,4.0,73.0,365.0,0.07,14.0,26.07,5110.0,0.12,283.89,21.0,3.0,1.0,8.0,16.0,16.0,45.0,28.0,5.0,0
42.0,5.0,1.0,5.0,146.0,858.87,0.07,14.05,61.13,12066.02,0.29,670.33,37.0,22.0,5.0,16.0,18.0,41.0,82.0,64.0,9.0,0
18.0,1.0,1.0,1.0,123.0,584.85,0.19,5.3,110.26,3102.25,0.19,172.35,18.0,5.0,0.0,5.0,4.0,23.0,62.0,61.0,1.0,0
16.0,6.0,1.0,1.0,74.0,325.03,0.06,16.82,19.33,5466.44,0.11,303.69,16.0,0.0,0.0,3.0,10.0,11.0,37.0,37.0,11.0,0
4.0,2.0,1.0,2.0,9.0,28.53,0.33,3.0,9.51,85.59,0.01,4.75,4.0,0.0,0.0,0.0,6.0,3.0,6.0,3.0,3.0,0
51.0,12.0,10.0,9.0,272.0,1644.08,0.03,29.75,55.26,48911.24,0.55,2717.29,50.0,1.0,1.0,5.0,22.0,44.0,153.0,119.0,23.0,0
60.0,13.0,12.0,2.0,213.0,1287.46,0.03,28.96,44.45,37289.12,0.43,2071.62,56.0,4.0,4.0,30.0,25.0,41.0,118.0,95.0,25.0,0
77.0,12.0,1.0,7.0,393.0,2532.08,0.02,53.47,47.35,135395.77,0.84,7521.99,71.0,20.0,6.0,21.0,33.0,54.0,218.0,175.0,20.0,0
23.0,6.0,1.0,1.0,141.0,765.1,0.03,30.07,25.45,23005.27,0.26,1278.07,21.0,9.0,2.0,13.0,21.0,22.0,78.0,63.0,11.0,0
18.0,3.0,3.0,2.0,83.0,444.68,0.07,13.7,32.47,6090.14,0.15,338.34,18.0,10.0,0.0,8.0,18.0,23.0,48.0,35.0,5.0,0
19.0,5.0,1.0,4.0,58.0,284.6,0.13,8.0,35.57,2276.8,0.09,126.49,17.0,9.0,2.0,6.0,12.0,18.0,34.0,24.0,9.0,0
27.0,6.0,1.0,5.0,185.0,1079.08,0.04,24.5,44.04,26437.57,0.36,1468.75,27.0,6.0,0.0,9.0,21.0,36.0,101.0,84.0,11.0,0
12.0,3.0,1.0,3.0,22.0,85.95,0.22,4.5,19.1,386.78,0.03,21.49,11.0,0.0,1.0,5.0,9.0,6.0,16.0,6.0,4.0,0
30.0,6.0,1.0,3.0,129.0,691.12,0.06,16.07,43.0,11109.18,0.23,617.18,27.0,5.0,3.0,13.0,14.0,27.0,67.0,62.0,11.0,0
89.0,20.0,12.0,10.0,337.0,2198.44,0.04,23.83,92.24,52396.16,0.73,2910.9,87.0,35.0,2.0,27.0,23.0,69.0,194.0,143.0,39.0,0
10.0,5.0,1.0,2.0,66.0,320.63,0.04,23.38,13.72,7494.65,0.11,416.37,9.0,3.0,1.0,2.0,17.0,12.0,33.0,33.0,9.0,0
6.0,1.0,1.0,1.0,19.0,68.11,0.31,3.21,21.19,218.94,0.02,12.16,6.0,0.0,0.0,0.0,5.0,7.0,10.0,9.0,1.0,0
50.0,19.0,11.0,12.0,294.0,1757.32,0.03,36.22,48.52,63649.28,0.59,3536.07,46.0,0.0,4.0,3.0,22.0,41.0,159.0,135.0,37.0,0
11.0,1.0,1.0,1.0,55.0,220.0,0.22,4.5,48.89,990.0,0.07,55.0,11.0,0.0,0.0,4.0,4.0,12.0,28.0,27.0,1.0,0
11.0,2.0,1.0,2.0,24.0,86.04,0.35,2.86,30.11,245.83,0.03,13.66,10.0,7.0,1.0,6.0,5.0,7.0,16.0,8.0,3.0,0
5.0,1.0,1.0,1.0,23.0,94.01,0.2,5.06,18.57,475.93,0.03,26.44,5.0,1.0,0.0,4.0,9.0,8.0,14.0,9.0,1.0,0
122.0,15.0,1.0,2.0,532.0,3503.2,0.02,60.25,58.14,211067.8,1.17,11725.99,120.0,0.0,2.0,18.0,32.0,64.0,291.0,241.0,17.0,0
39.0,6.0,3.0,4.0,133.0,779.11,0.06,15.89,49.03,12381.56,0.26,687.86,39.0,11.0,0.0,8.0,21.0,37.0,77.0,56.0,11.0,0
3.0,1.0,1.0,1.0,7.0,19.65,0.5,2.0,9.83,39.3,0.01,2.18,3.0,3.0,0.0,1.0,4.0,3.0,4.0,3.0,1.0,0
27.0,5.0,1.0,3.0,142.0,728.36,0.04,22.33,32.61,16266.67,0.24,903.7,27.0,3.0,0.0,12.0,14.0,21.0,75.0,67.0,9.0,0
12.0,3.0,1.0,3.0,22.0,85.95,0.22,4.5,19.1,386.78,0.03,21.49,9.0,2.0,3.0,5.0,9.0,6.0,16.0,6.0,4.0,0
5.0,1.0,1.0,1.0,25.0,100.0,0.14,7.07,14.14,707.14,0.03,39.29,5.0,0.0,0.0,1.0,9.0,7.0,14.0,11.0,1.0,0
130.0,31.0,23.0,13.0,560.0,3775.22,0.02,42.69,88.43,161178.36,1.26,8954.35,126.0,60.0,4.0,32.0,27.0,80.0,307.0,253.0,61.0,0
84.0,14.0,9.0,8.0,295.0,1996.61,0.03,30.58,65.3,61049.26,0.67,3391.63,83.0,16.0,1.0,17.0,37.0,72.0,176.0,119.0,24.0,0
42.0,2.0,1.0,2.0,471.0,2867.19,0.04,28.52,100.54,81768.15,0.96,4542.68,42.0,2.0,0.0,3.0,14.0,54.0,251.0,220.0,3.0,0
24.0,6.0,4.0,4.0,111.0,569.35,0.05,19.5,29.2,11102.33,0.19,616.8,24.0,3.0,0.0,4.0,15.0,20.0,59.0,52.0,11.0,0
4.0,1.0,1.0,1.0,7.0,19.65,0.4,2.5,7.86,49.13,0.01,2.73,4.0,0.0,0.0,0.0,5.0,2.0,5.0,2.0,1.0,0
12.0,7.0,1.0,4.0,84.0,423.73,0.09,10.86,39.03,4600.49,0.14,255.58,12.0,0.0,0.0,0.0,12.0,21.0,46.0,38.0,13.0,0
17.0,3.0,1.0,3.0,63.0,315.0,0.1,9.72,32.4,3062.5,0.11,170.14,17.0,0.0,0.0,9.0,14.0,18.0,38.0,25.0,5.0,0
118.0,21.0,14.0,10.0,440.0,2942.06,0.04,22.73,129.41,66879.33,0.98,3715.52,101.0,38.0,17.0,29.0,19.0,84.0,239.0,201.0,41.0,0
9.0,2.0,1.0,2.0,18.0,59.79,0.33,3.0,19.93,179.38,0.02,9.97,8.0,5.0,1.0,6.0,5.0,5.0,12.0,6.0,3.0,0
39.0,6.0,3.0,4.0,133.0,779.11,0.06,15.89,49.03,12381.56,0.26,687.86,39.0,11.0,0.0,8.0,21.0,37.0,77.0,56.0,11.0,0
5.0,1.0,1.0,1.0,17.0,62.91,0.24,4.08,15.41,256.87,0.02,14.27,5.0,9.0,0.0,3.0,7.0,6.0,10.0,7.0,1.0,0
69.0,11.0,1.0,7.0,270.0,1785.97,0.04,22.5,79.38,40184.36,0.6,2232.46,60.0,8.0,9.0,31.0,30.0,68.0,168.0,102.0,18.0,0
67.0,11.0,5.0,4.0,284.0,1774.41,0.04,28.21,62.91,50051.79,0.59,2780.66,64.0,33.0,3.0,13.0,23.0,53.0,154.0,130.0,21.0,0
5.0,1.0,1.0,1.0,21.0,84.0,0.22,4.5,18.67,378.0,0.03,21.0,5.0,2.0,0.0,2.0,8.0,8.0,12.0,9.0,1.0,0
4.0,2.0,1.0,1.0,14.0,48.43,0.16,6.13,7.91,296.65,0.02,16.48,4.0,0.0,0.0,0.0,7.0,4.0,7.0,7.0,3.0,0
28.0,4.0,1.0,2.0,108.0,519.19,0.05,19.13,27.15,9929.59,0.17,551.64,26.0,7.0,2.0,6.0,12.0,16.0,57.0,51.0,7.0,0
3.0,1.0,1.0,1.0,1.0,0.0,0.0,0.0,0.0,0.0,0.0,0.0,3.0,0.0,0.0,0.0,1.0,0.0,1.0,0.0,1.0,0
6.0,2.0,1.0,2.0,17.0,64.73,0.21,4.67,13.87,302.05,0.02,16.78,5.0,3.0,1.0,2.0,8.0,6.0,10.0,7.0,3.0,0
34.0,6.0,6.0,6.0,176.0,1026.58,0.06,17.0,60.39,17452.01,0.34,969.56,34.0,5.0,0.0,19.0,19.0,38.0,108.0,68.0,11.0,0
63.0,20.0,13.0,2.0,375.0,2363.92,0.02,43.1,54.85,101875.76,0.79,5659.76,60.0,26.0,3.0,31.0,27.0,52.0,209.0,166.0,39.0,0
22.0,4.0,1.0,2.0,103.0,555.41,0.05,20.91,26.56,11613.09,0.19,645.17,21.0,11.0,1.0,9.0,20.0,22.0,57.0,46.0,7.0,0
11.0,2.0,1.0,1.0,63.0,312.11,0.06,16.39,19.04,5116.45,0.1,284.25,11.0,7.0,0.0,4.0,17.0,14.0,36.0,27.0,3.0,0
49.0,6.0,3.0,4.0,254.0,1535.28,0.03,31.02,49.49,47629.26,0.51,2646.07,49.0,30.0,0.0,20.0,23.0,43.0,138.0,116.0,11.0,0
8.0,2.0,1.0,2.0,32.0,130.8,0.15,6.67,19.62,871.99,0.04,48.44,8.0,1.0,0.0,2.0,8.0,9.0,17.0,15.0,3.0,0
13.0,3.0,1.0,1.0,84.0,416.15,0.05,18.67,22.29,7768.18,0.14,431.57,13.0,0.0,0.0,2.0,16.0,15.0,49.0,35.0,5.0,0
20.0,2.0,1.0,2.0,51.0,245.18,0.13,7.44,32.95,1824.39,0.08,101.36,20.0,0.0,0.0,2.0,11.0,17.0,28.0,23.0,3.0,0
12.0,2.0,1.0,2.0,46.0,184.0,0.09,11.0,16.73,2024.0,0.06,112.44,12.0,0.0,0.0,0.0,8.0,8.0,24.0,22.0,3.0,0
4.0,2.0,1.0,2.0,25.0,102.19,0.12,8.4,12.17,858.37,0.03,47.69,4.0,0.0,0.0,0.0,12.0,5.0,18.0,7.0,3.0,0
5.0,2.0,1.0,2.0,17.0,64.73,0.21,4.67,13.87,302.05,0.02,16.78,4.0,0.0,1.0,1.0,8.0,6.0,10.0,7.0,3.0,0
29.0,9.0,9.0,5.0,136.0,723.78,0.07,15.35,47.16,11107.27,0.24,617.07,29.0,2.0,0.0,15.0,14.0,26.0,79.0,57.0,17.0,0
76.0,21.0,3.0,2.0,331.0,2121.51,0.03,30.42,69.75,64529.21,0.71,3584.96,73.0,35.0,3.0,122.0,25.0,60.0,185.0,146.0,41.0,0
45.0,11.0,8.0,3.0,203.0,1227.01,0.04,27.74,44.23,34042.1,0.41,1891.23,43.0,20.0,2.0,24.0,25.0,41.0,112.0,91.0,21.0,0
18.0,3.0,3.0,2.0,83.0,444.68,0.07,13.7,32.47,6090.14,0.15,338.34,18.0,10.0,0.0,8.0,18.0,23.0,48.0,35.0,5.0,0
12.0,1.0,1.0,1.0,61.0,249.34,0.22,4.62,54.02,1150.78,0.08,63.93,12.0,0.0,0.0,5.0,4.0,13.0,31.0,30.0,1.0,0
28.0,7.0,3.0,2.0,177.0,948.29,0.02,41.68,22.75,39528.58,0.32,2196.03,26.0,9.0,2.0,8.0,22.0,19.0,105.0,72.0,13.0,0
20.0,2.0,1.0,2.0,53.0,254.79,0.13,7.76,32.81,1978.37,0.08,109.91,20.0,0.0,0.0,2.0,11.0,17.0,29.0,24.0,3.0,0
22.0,1.0,1.0,1.0,144.0,786.16,0.06,16.0,49.13,12578.53,0.26,698.81,22.0,22.0,0.0,11.0,16.0,28.0,88.0,56.0,1.0,0
8.0,2.0,1.0,2.0,25.0,95.18,0.18,5.5,17.31,523.51,0.03,29.08,7.0,0.0,1.0,1.0,7.0,7.0,14.0,11.0,3.0,0
12.0,2.0,1.0,1.0,31.0,114.71,0.17,6.0,19.12,688.28,0.04,38.24,11.0,0.0,1.0,1.0,6.0,7.0,17.0,14.0,3.0,0
4.0,1.0,1.0,1.0,7.0,19.65,0.4,2.5,7.86,49.13,0.01,2.73,4.0,0.0,0.0,0.0,5.0,2.0,5.0,2.0,1.0,0
46.0,14.0,7.0,11.0,221.0,1315.88,0.02,42.62,30.87,56084.29,0.44,3115.79,45.0,1.0,1.0,13.0,29.0,33.0,124.0,97.0,26.0,0
17.0,3.0,1.0,3.0,73.0,374.44,0.08,12.63,29.64,4729.74,0.12,262.76,17.0,0.0,0.0,10.0,16.0,19.0,43.0,30.0,5.0,0
76.0,16.0,3.0,4.0,466.0,2994.64,0.02,44.63,67.09,133660.73,1.0,7425.6,73.0,22.0,3.0,41.0,26.0,60.0,260.0,206.0,31.0,0
11.0,5.0,5.0,3.0,42.0,189.99,0.1,9.75,19.49,1852.4,0.06,102.91,10.0,3.0,1.0,6.0,13.0,10.0,27.0,15.0,9.0,0
5.0,1.0,1.0,1.0,22.0,69.74,0.18,5.63,12.4,392.28,0.02,21.79,5.0,0.0,0.0,2.0,5.0,4.0,13.0,9.0,1.0,0
22.0,3.0,3.0,2.0,107.0,591.02,0.07,14.79,39.97,8738.67,0.2,485.48,22.0,14.0,0.0,12.0,18.0,28.0,61.0,46.0,5.0,0
39.0,6.0,3.0,4.0,133.0,779.11,0.06,15.89,49.03,12381.56,0.26,687.86,39.0,11.0,0.0,8.0,21.0,37.0,77.0,56.0,11.0,0
29.0,9.0,9.0,5.0,136.0,723.78,0.07,15.35,47.16,11107.27,0.24,617.07,29.0,0.0,0.0,14.0,14.0,26.0,79.0,57.0,17.0,0
14.0,2.0,1.0,1.0,50.0,226.18,0.1,10.08,22.43,2280.63,0.08,126.7,14.0,1.0,0.0,7.0,11.0,12.0,28.0,22.0,3.0,0
14.0,3.0,3.0,2.0,39.0,181.11,0.12,8.67,20.9,1569.62,0.06,87.2,14.0,0.0,0.0,3.0,13.0,12.0,23.0,16.0,5.0,0
14.0,1.0,1.0,1.0,81.0,393.5,0.1,10.24,38.45,4027.55,0.13,223.75,14.0,13.0,0.0,4.0,12.0,17.0,52.0,29.0,1.0,0
20.0,3.0,1.0,2.0,91.0,450.83,0.07,13.89,32.45,6264.19,0.15,348.01,19.0,0.0,1.0,0.0,12.0,19.0,47.0,44.0,5.0,0
20.0,3.0,1.0,1.0,88.0,366.95,0.07,13.36,27.46,4903.83,0.12,272.44,17.0,0.0,3.0,7.0,7.0,11.0,46.0,42.0,5.0,0
33.0,9.0,4.0,5.0,223.0,1338.0,0.03,39.36,34.0,52659.86,0.45,2925.55,28.0,1.0,5.0,1.0,29.0,35.0,128.0,95.0,15.0,0
